product_id,title,product_description,rating,ratings_count,initial_price,discount,currency,category,discount_amount,value_score
8376765,Lino Perros,Women Navy Blue Solid Backpack,3.8,15,3995,58.0,INR,backpacks,2317.1,57.0
9136281,Tommy Hilfiger,Unisex Navy Blue Striped Backpack,4.5,67,2899,35.0,INR,backpacks,1014.65,301.5
17633752,Lavie,Aries Women Pink Mini Backpack,4.4,226,2999,65.0,INR,backpacks,1949.3500000000001,994.4000000000001
1376949,F Gear,Unisex Navy & Grey Printed Burner Backpack,4.4,1052,1675,52.0,INR,backpacks,871.0,4628.8
13939916,MYTRIDENT,Men Blue Solid Bath Robe,4.7,12,2899,17.0,INR,bath-robe,492.83000000000004,56.400000000000006
17198778,H&M,Beige & Tan Solid Stoneware Soap Dispenser,4.5,42,1399,0.0,INR,bathroom-accessories,0.0,189.0
19851824,AVI Living,Grey Solid 500 GSM Pure Cotton Bath Towel,4.0,5,1399,65.0,INR,bath-towels,909.35,20.0
18602872,My Room,Yellow & Green Floral 140 TC King Bedsheet with 2 Pillow Covers,4.7,10,2999,54.0,INR,bedsheets,1619.46,47.0
18602850,My Room,Ethnic Print 144 TC Super King Bedsheet with 2 Pillow Covers,4.5,22,2999,54.0,INR,bedsheets,1619.46,99.0
8961147,Story@home,Pink & White Floral 160 TC Cotton 1 King Bedsheet with 2 Pillow Covers,3.7,7,2199,53.0,INR,bedsheets,1165.47,25.900000000000002
8430275,MYTRIDENT,Sea Green Floral Flat 120 TC Cotton 1 Queen Bedsheet with 2 Pillow Covers,4.4,26,2199,46.0,INR,bedsheets,1011.5400000000001,114.4
18492504,ROMEE,Blue & Beige Conversational 160 TC King Bedsheet with 2 Pillow Covers,3.9,10,3499,65.0,INR,bedsheets,2274.35,39.0
13729978,DDecor,White & Brown Floral 350 TC Cotton 1 King Bedsheet with 2 Pillow Covers,3.6,15,1599,20.0,INR,bedsheets,319.8,54.0
19788630,Home Ecstasy,140tc Pure Cotton printed Teal Blue Single Bedsheet with 1 Pillow Cover,4.5,6,1199,42.0,INR,bedsheets,503.58,27.0
20296382,DREAM WEAVERZ,Grey & Coral Printed 220 TC Glazed Cotton King Bedsheet with 2 Pillow Covers,3.8,18,2599,78.0,INR,bedsheets,2027.22,68.39999999999999
18346134,Arrabi,Pink & Grey Striped 300 TC King Cotton Bedsheet With 2 Pillow Covers,4.3,12,6329,76.0,INR,bedsheets,4810.04,51.599999999999994
22409156,Kastner,Women Textured Tang Slim Belt,3.8,9,1399,84.0,INR,belts,1175.1599999999999,34.199999999999996
18985918,Tommy Hilfiger,Women Navy Blue Embroidered High-Neck Pure Cotton Bodysuit,4.1,11,2999,40.0,INR,bodysuit,1199.6000000000001,45.099999999999994
22120138,Ed-a-Mamma Baby,Infant Boys Pack Of 2 Printed Pure Cotton Bodysuit,4.2,5,999,30.0,INR,bodysuit,299.7,21.0
1728397,Mactree,Men Brown Solid Mid-Top Flat Boots,3.9,1727,9060,88.0,INR,boots,7972.8,6735.3
21427828,London Rag,Women Stiletto Heeled High-Top Boots,5.0,4,9599,60.0,INR,boots,5759.4,20.0
17372928,The Souled Store,Men Blue & White Abstract Printed Boxers,4.5,22,799,54.0,INR,boxers,431.46000000000004,99.0
15115018,Jockey,Non-Wired Non-Padded Combed Cotton Workout Bra 1376-0105,4.4,1582,579,0.0,INR,bra,0.0,6960.8
22063882,GROVERSONS Paris Beauty,Non Padded Cotton Seamless Non-Wired T-shirt Bra,4.0,25,399,25.0,INR,bra,99.75,100.0
19219450,Susie,Black Solid Cotton T-Shirt Bra - Anti-Odour,4.3,12,749,50.0,INR,bra,374.5,51.599999999999994
22196924,Zivame,Underwired Lightly Padded Pushup Bra,4.3,118,999,50.0,INR,bra,499.5,507.4
19219468,Susie,Women  Black Solid Everyday Cotton Bra,4.0,6,699,43.0,INR,bra,300.57,24.0
19277544,Marks & Spencer,BOUTIQUE X DAMARIS Navy Blue Underwired Lightly Padded Balconette Bra,4.3,24,2999,60.0,INR,bra,1799.3999999999999,103.19999999999999
18223842,max,Plus Size Non Padded Bra,4.1,37,449,20.0,INR,bra,89.80000000000001,151.7
18656766,VStar,Beige Solid T-Shirt Bra,4.6,5,345,0.0,INR,bra,0.0,23.0
18656764,VStar,Grey Solid T-Shirt Bra,4.3,6,345,0.0,INR,bra,0.0,25.799999999999997
13523458,shyaway,Multicoloured Set of 3 Printed Underwired Lightly Padded Everyday Bra shya-com-217,4.3,6,2547,52.0,INR,bra,1324.44,25.799999999999997
18652628,max,Sea Green & Blue Floral Bra Lightly Padded SU22PDNW08MIST,4.2,5,649,20.0,INR,bra,129.8,21.0
17774350,Zivame,Pink Lightly Padded T-shirt Bra,4.2,9,995,50.0,INR,bra,497.5,37.800000000000004
16704504,ZINU,Women Silver-Toned Brass Cubic Zirconia Rhodium-Plated Charm Bracelet,4.1,7,699,45.0,INR,bracelet,314.55,28.699999999999996
21873792,KARATCART,Cubic Zirconia Silver-Plated Wraparound Bracelet,4.6,5,3397,76.0,INR,bracelet,2581.7200000000003,23.0
21573578,Jewels Galaxy,Women Brass Gold-Plated Bangle-Style Bracelet,4.2,24,1329,77.0,INR,bracelet,1023.33,100.80000000000001
18100576,MINUTIAE,Women Gold-Toned & White Brass Crystals Handcrafted Gold-Plated Bangle-Style Bracelet,3.2,13,1499,70.0,INR,bracelet,1049.3,41.6
16696094,Van Heusen,Men Swift Dry High Stretch Mesh AIR Series Active Briefs 8905325842743,4.6,192,649,0.0,INR,briefs,0.0,883.1999999999999
21867416,DressBerry,Women Boy Shorts Brief,4.1,14,299,28.0,INR,briefs,83.72000000000001,57.39999999999999
21850852,Soie,Women High Waist Full Coverage Lace Brief,4.9,14,390,5.0,INR,briefs,19.5,68.60000000000001
21569986,Chromozome,Men Pack of 4 Premium Pure Cotton Mini Briefs 8902733625630-MULTI 9,4.2,18,1199,40.0,INR,briefs,479.6,75.60000000000001
19206416,ABELINO,Women Set of 3 Assorted Cotton Boy Shorts Briefs PANTY3PCPLAINBOYSHORTS01,3.6,14,1899,80.0,INR,briefs,1519.2,50.4
22196594,Zoiro,Men Pack Of 2 Anti-Bacterial Basic Briefs,5.0,6,499,0.0,INR,briefs,0.0,30.0
22196914,Zivame,Women Pack Of 3 Low-Rise Ultra Soft Bikini Briefs,4.6,5,799,50.0,INR,briefs,399.5,23.0
21906602,bummer,Women Printed Micro Modal Mid Rise Boy Shorts,4.6,23,599,25.0,INR,briefs,149.75,105.8
13889998,XYXX,Men Grey Solid Ultra-Soft Antimicrobial Basic Briefs XYBRF56,4.1,202,249,0.0,INR,briefs,0.0,828.1999999999999
22436508,Bruchi CLUB,Men Low-Rise Anti-Bacterial Basic Briefs,5.0,4,888,65.0,INR,briefs,577.2,20.0
21877640,DressBerry,Shoulder Straps Pure Cotton Camisole,3.7,14,299,23.0,INR,camisoles,68.77,51.800000000000004
18882294,VStar,Women White Solid Modern Fit Deep Neckline  Camisoles,4.8,10,265,0.0,INR,camisoles,0.0,48.0
13669894,Vastraa Fusion,Unisex Maroon Solid Woollen Afghani Pakol Cap,3.5,13,1699,70.0,INR,caps,1189.3,45.5
16281444,Bharatasya,Women White & Black Woolen Earwarmer Headband,4.3,7,699,68.0,INR,caps,475.32000000000005,30.099999999999998
20129438,Skechers,Men Blue Textured Sneakers,3.8,11,12999,30.0,INR,casual-shoes,3899.7,41.8
18506050,Bata,Women Black Woven Design Slip-On Sneakers,4.4,86,1199,55.0,INR,casual-shoes,659.45,378.40000000000003
21739362,Prolific,Men Printed LightWeight Mid Top Sneakers,3.9,8,2660,71.0,INR,casual-shoes,1888.6,31.2
21903832,U.S. Polo Assn.,Women Perforated Sneakers,4.1,16,4299,25.0,INR,casual-shoes,1074.75,65.6
21651940,HIGHLANDER,Men Black Woven Design Sneakers,3.4,25,1898,55.0,INR,casual-shoes,1043.9,85.0
21321784,San Frissco,Men  Colourblocked Sneakers,4.3,6,5995,72.0,INR,casual-shoes,4316.4,25.799999999999997
21907914,MOZAFIA,Men Canvas Mid-Top Lace-Up Sneakers,4.0,225,1999,60.0,INR,casual-shoes,1199.3999999999999,900.0
21497770,Puma,Men Sneakers,4.1,111,4999,55.0,INR,casual-shoes,2749.4500000000003,455.09999999999997
21169272,HRX by Hrithik Roshan,Men Skate Street Sneaker,3.9,107,3299,50.0,INR,casual-shoes,1649.5,417.3
13643492,WROGN,Men Brown Leather Loafers,3.7,58,3599,55.0,INR,casual-shoes,1979.4500000000003,214.60000000000002
13638220,FAUSTO,Men Brown Textured Loafers,3.2,6,999,1.0,INR,casual-shoes,9.99,19.200000000000003
13638232,FAUSTO,Men Tan Brown Solid Velvet Loafers,2.5,4,1299,1.0,INR,casual-shoes,12.99,10.0
18489168,TOMS,Women Red Solid Alpargata Canvas Slip-On Sneakers,4.3,6,4999,0.0,INR,casual-shoes,0.0,25.799999999999997
18091436,HIGHLANDER,PRINTED CANVAS SNEAKERS,3.9,51,2198,50.0,INR,casual-shoes,1099.0,198.9
17312062,Clarks,Men Blue Nubuck Penny Loafers,4.6,31,6999,50.0,INR,casual-shoes,3499.5,142.6
17314086,EVERLY,Women Beige Textured Wedge Mules,3.7,79,1499,40.0,INR,casual-shoes,599.6,292.3
17312144,Clarks,Men Black Perforations Nubuck Derbys,3.7,3,10999,35.0,INR,casual-shoes,3849.6499999999996,11.100000000000001
16284648,Crew STREET,Women Sea Green Woven Design Slip-On Sneakers,4.1,41,3099,55.0,INR,casual-shoes,1704.45,168.1
19103830,PUMA Motorsport,Unisex Black Perforations BMW MMS Neo Cat Regular Sneakers,4.5,157,6999,55.0,INR,casual-shoes,3849.4500000000003,706.5
21937664,Cortina,Black & Beige 4 Pcs Ethnic Motif Printed Super Stretchable Chair Cover,4.7,15,2598,64.0,INR,chair-cover,1662.72,70.5
16712992,Cutiekins,Girls Pink & White Printed Top with Shorts,4.1,454,1999,70.0,INR,clothing-set,1399.3,1861.3999999999999
21836198,Nottie Planet,Boys Printed T-shirt with Shorts,4.5,13,449,30.0,INR,clothing-set,134.7,58.5
18193844,Rubans,Cream-Coloured & Gold-Toned Embellished Embroidered Potli Clutch,4.1,25,1980,75.0,INR,clutches,1485.0,102.49999999999999
16694464,Ahalyaa,Women Stunning Blue Printed Top with Solid Skirt,4.1,195,5000,66.0,INR,co-ords,3300.0,799.4999999999999
18494054,Home Sizzler,Green & Cream-Coloured Set of 2 Floral Window Curtain,4.3,48,799,40.0,INR,curtains-and-sheers,319.6,206.39999999999998
16185546,ellementry,Gold-Toned 2 Pieces Stainless Steel Matte Spoon,5.0,5,1750,0.0,INR,cutlery,0.0,25.0
15174886,MIAH Decor,Cream-Coloured & Green 2 Pieces Handcrafted Ceramic Matte Bowls,3.2,6,599,40.0,INR,dinnerware,239.60000000000002,19.200000000000003
21664722,Curvy Clan,Colourblocked A-Line Cotton Maxi Dress,3.7,3,2999,0.0,INR,dresses,0.0,11.100000000000001
21426422,Trendyol,Black Maxi Dress,4.1,10,4399,45.0,INR,dresses,1979.55,41.0
21238004,COVER STORY,Embellished Shoulder Straps Velvet Sheath Dress,4.8,24,3490,40.0,INR,dresses,1396.0,115.19999999999999
21426632,Trendyol,Floral Printed Shoulder strap A-Line Mini Dress,3.9,35,3599,30.0,INR,dresses,1079.7,136.5
21673378,RACHNA,Floral Print Flared Sleeve Crepe A-Line Mini Dress,3.0,4,1299,51.0,INR,dresses,662.49,12.0
21665324,Harpa,Sweetheart Neck Puff Sleeves Sheath Dress,2.3,4,1999,55.0,INR,dresses,1099.45,9.2
21664854,aarke Ritu Kumar,Cotton A-Line Dress,4.0,6,2200,30.0,INR,dresses,660.0,24.0
21664974,Label Ritu Kumar,Candy Striped Pure Cotton Wrap Dress,4.6,7,4500,30.0,INR,dresses,1350.0,32.199999999999996
21664840,aarke Ritu Kumar,Floral Georgette A-Line Midi Dress,4.0,6,3500,30.0,INR,dresses,1050.0,24.0
21980370,Tokyo Talkies,Mini A-Line Dress,3.7,26,1599,79.0,INR,dresses,1263.21,96.2
22004792,WoowZerz,Button Detailed Mini Blazer Dress,4.8,26,2495,50.0,INR,dresses,1247.5,124.8
21979790,Vishudh,Floral Printed A-Line Midi Dress,3.8,55,2049,77.0,INR,dresses,1577.73,209.0
18962890,Athena,Fuchsia Solid Asymmetric Hem A-Line Maxi Dress,4.0,34,2499,64.0,INR,dresses,1599.3600000000001,136.0
19027298,DressBerry,Girls Pink & Navy Blue Floral Printed Shirt Collar Fit & Flare Dress,3.8,40,1499,41.0,INR,dresses,614.5899999999999,152.0
18962984,Athena,Burgundy Off-Shoulder Scrunchie Bodycon Dress,4.3,236,2499,68.0,INR,dresses,1699.3200000000002,1014.8
18951626,Berrylush,Women Green Solid Twist & Knot Dress,4.0,60,1899,78.0,INR,dresses,1481.22,240.0
18816460,Ethnovog,Women Navy Blue Velvet A-Line Made To Measure Dress with Jacket,3.7,6,7828,52.0,INR,dresses,4070.56,22.200000000000003
18944812,DRAAX Fashions,Pink Chiffon Fit and Flare Dress,3.6,8,2399,0.0,INR,dresses,0.0,28.8
18977246,AURELIA,Blue Ethnic Motifs Maxi Dress,4.1,140,4299,59.0,INR,dresses,2536.41,574.0
18803110,Athena Girl,Yellow Floral Dress,3.5,6,2299,74.0,INR,dresses,1701.26,21.0
18962990,Athena,Teal Blue Side Gathered Maxi Dress,4.2,35,2499,66.0,INR,dresses,1649.3400000000001,147.0
18951632,Berrylush,Women White Floral Pattern Play Dress,3.9,69,1899,80.0,INR,dresses,1519.2,269.09999999999997
18956684,Forevermore,Mustard Yellow Chiffon Embroidred Ruffle Tiered Midi Dress,4.2,5,1599,0.0,INR,dresses,0.0,21.0
18981160,Amydus,Blue & Orange Floral Wrap Dress,4.7,43,2799,0.0,INR,dresses,0.0,202.1
18962952,Athena,Lavender Solid Accordion Pleats Wrap Dress,4.2,3797,2799,60.0,INR,dresses,1679.3999999999999,15947.400000000001
18207844,H&M,Women Blue Linen-blend Shirt Dress,3.0,7,1999,0.0,INR,dresses,0.0,21.0
15736838,U&F,Black Solid Maxi Dress,3.8,1023,1999,66.0,INR,dresses,1319.3400000000001,3887.3999999999996
15788324,Tokyo Talkies,Blue Off-Shoulder Maxi Dress,4.2,347,1399,53.0,INR,dresses,741.47,1457.4
15691054,QUIERO,Women Alluring Grey Polka Dots Trapeze Dress,3.4,7,2686,65.0,INR,dresses,1745.9,23.8
15691070,QUIERO,Women Beautiful Orange Abstract Tiered Dress,4.1,474,2820,65.0,INR,dresses,1833.0,1943.3999999999999
13770986,all about you,Black Solid Midi Halter Neck Fit and Flare Dress,4.2,38,2999,0.0,INR,dresses,0.0,159.6
17586858,RARE,Women Orange Georgette A-Line Midi Dress,3.4,23,1799,55.0,INR,dresses,989.45,78.2
17692606,Style Quotient,Women Navy Blue Solid Cut-Out Detail Sheath Midi Dress,3.9,12,1899,53.0,INR,dresses,1006.47,46.8
17592092,U&F,Women Stylish Mustard Solid All in the Details Dress,4.1,7,2899,74.0,INR,dresses,2145.2599999999998,28.699999999999996
17661682,Tokyo Talkies,Lavender Cut Outs Sheath Mini Dress,4.1,13,1549,61.0,INR,dresses,944.89,53.3
17692718,Style Quotient,Women Tranquil Teal Solid Halter Neck Dress,4.8,8,1599,69.0,INR,dresses,1103.31,38.4
17194598,Tokyo Talkies,Women Charming Purple Solid Dress,4.3,48,1749,65.0,INR,dresses,1136.8500000000001,206.39999999999998
17194592,Tokyo Talkies,Women Stunning Blue Solid Dress,4.1,240,1749,65.0,INR,dresses,1136.8500000000001,983.9999999999999
18207478,Tokyo Talkies,Women Gorgeous Green Solid Dress,4.1,333,699,60.0,INR,dresses,419.4,1365.3
19032542,BUY NEW TREND,Black & brown Off-Shoulder Georgette Dress,3.8,8,1499,50.0,INR,dresses,749.5,30.4
18996672,Bella Moda,Girls Yellow & Navy Blue Fit and Flare Dress,4.6,8,2017,70.0,INR,dresses,1411.8999999999999,36.8
15191784,Kazo,Green Halter Neck Peplum Maxi Dress,4.0,35,3690,60.0,INR,dresses,2214.0,140.0
19213200,Label Ritu Kumar,Cream-Coloured & Blue Ethnic Motifs Georgette A-Line Dress,4.8,5,5200,40.0,INR,dresses,2080.0,24.0
19213186,Label Ritu Kumar,Solid Tiered Maxi Dress,1.9,7,6900,30.0,INR,dresses,2070.0,13.299999999999999
20040576,U&F,Olive Green Crepe Maxi Dress,3.8,23,2899,68.0,INR,dresses,1971.3200000000002,87.39999999999999
19987092,Vastralay,Grey & Black Tie and Dye Dyed Midi Dress,4.2,17,2999,78.0,INR,dresses,2339.2200000000003,71.4
10054817,Veni Vidi Vici,Women Mustard Yellow Bodycon Dress,4.3,110,1890,60.0,INR,dresses,1134.0,473.0
10054855,Veni Vidi Vici,Solid Olive Green Ruched Bodycon Dress,4.2,389,1890,60.0,INR,dresses,1134.0,1633.8000000000002
10691426,SASSAFRAS,Black & Beige Ikat Print Cotton Shirt Dress,4.5,4441,2199,65.0,INR,dresses,1429.3500000000001,19984.5
20040566,U&F,Women Plus Size Turquoise Blue Floral Printed Crepe Maxi Dress,3.3,8,2899,70.0,INR,dresses,2029.3,26.4
18963006,Athena,Purple Off-Shoulder Scrunchie Bodycon Dress,4.3,45,2499,68.0,INR,dresses,1699.3200000000002,193.5
19513066,Stylecast X Hersheinbox,Floral Fit & Flare Dress With Gathered Details,4.5,11,2559,54.0,INR,dresses,1381.8600000000001,49.5
13703862,Style Quotient,Women Olive Green Solid Shirt Dress,3.9,46,1749,71.0,INR,dresses,1241.79,179.4
18975316,Berrylush,Women  Off-White Striped Knits Bits Dress,4.2,31,3200,74.0,INR,dresses,2368.0,130.20000000000002
21664826,aarke Ritu Kumar,Floral Layered Chiffon A-Line Dress,4.0,6,2800,30.0,INR,dresses,840.0,24.0
21242962,Tommy Hilfiger,Sustainable Pure Cotton Denim Shirt Dress With Cut-Outs Detail,4.4,9,5999,40.0,INR,dresses,2399.6,39.6
21653646,ONLY,Floral Printed A-Line Dress,4.6,5,3299,60.0,INR,dresses,1979.3999999999999,23.0
20022902,Slenor,Women Embellished Georgette Midi Dress,4.4,10,3599,59.0,INR,dresses,2123.41,44.0
20046216,YK Disney,Girls Minnie Mouse Graphic Printed A-Line T-shirt Dress,5.0,7,999,67.0,INR,dresses,669.33,35.0
22616192,Oomph!,Square Neck A-Line Dress,3.9,7,1340,63.0,INR,dresses,844.2,27.3
13391600,Mast & Harbour,Women Navy Blue & White Striped A-Line Dress,3.7,200,1499,65.0,INR,dresses,974.35,740.0
22590642,YU by Pantaloons,Round Neck Schiffli Tiered Cotton A-Line Dress,4.8,12,1499,52.0,INR,dresses,779.48,57.599999999999994
13572604,Tokyo Talkies,Women Green Self Design Sheath Dress,4.2,58,1799,63.0,INR,dresses,1133.3700000000001,243.60000000000002
13649832,all about you,Black & Mustard Yellow Printed A-Line Dress,4.3,56,1999,0.0,INR,dresses,0.0,240.79999999999998
13487998,THREAD MUSTER,Women Maroon Solid Maxi Dress,2.7,10,2499,74.0,INR,dresses,1849.26,27.0
13467444,Sugr,Women Green Solid Fit and Flare Dress,3.8,14,899,30.0,INR,dresses,269.7,53.199999999999996
13387584,Wish Karo,Girls Black & White Printed Fit and Flare Silk Dress (0-3 Months),4.1,11,1999,65.0,INR,dresses,1299.3500000000001,45.099999999999994
22634940,Rustorange,Floral Print Gathered or Pleated Fit and Flare Ethnic Dresses,3.8,5,3399,56.0,INR,dresses,1903.4400000000003,19.0
22622806,HERE&NOW,Fit & Flare Midi Dress,4.0,22,2999,67.0,INR,dresses,2009.3300000000002,88.0
13558254,Tokyo Talkies,Women Peach-Coloured Printed Fit and Flare Dress,4.1,934,1349,59.0,INR,dresses,795.91,3829.3999999999996
13586840,all about you,Women Yellow Solid A-Line Midi Dress,4.0,29,1899,55.0,INR,dresses,1044.45,116.0
13586818,all about you,Women Green Solid A-Line Dress,4.0,208,1899,54.0,INR,dresses,1025.46,832.0
13406942,Global Desi,Girls Blue Embroidered A-Line Denim Dress,4.8,8,1799,75.0,INR,dresses,1349.25,38.4
1341220,Miss Chase,Black & White Striped Belted Dress,4.4,22,1149,10.0,INR,dresses,114.9,96.80000000000001
13387582,Wish Karo,Girls Black Polka Dot Printed Fit and Flare Dress,4.7,18,2123,65.0,INR,dresses,1379.95,84.60000000000001
22638540,Oomph!,Floral Printed Ruffled Crepe Fit & Flare Dress,2.3,4,1340,63.0,INR,dresses,844.2,9.2
13391540,Mast & Harbour,EcoVero Women Yellow & White Abstract Printed Tiered Shirt Dress,4.1,576,1999,66.0,INR,dresses,1319.3400000000001,2361.6
13447736,DODO & MOA,Women Yellow & Blue Printed A-Line Midi Dress,2.1,8,2799,60.0,INR,dresses,1679.3999999999999,16.8
13435624,Deewa,Women Navy Blue & Off-White Floral Print Maxi Dress,4.1,28,2199,69.0,INR,dresses,1517.31,114.79999999999998
13382036,plusS,Women Olive Green Accordion Pleated Midi A-Line Dress with Belt,4.2,623,1899,83.0,INR,dresses,1576.1699999999998,2616.6
13449506,DOOR74,Women Black Solid Maxi Dress,5.0,7,2399,70.0,INR,dresses,1679.3,35.0
13411990,DODO & MOA,Women Teal Green Solid Off-Shoulder Fit and Flare Dress With Bell Sleeves,2.8,6,2990,65.0,INR,dresses,1943.5,16.799999999999997
22590644,YU by Pantaloons,Shoulder Straps Schiffli Cotton A-Line Dress,4.7,17,1399,54.0,INR,dresses,755.46,79.9
13375140,HOUSE OF KKARMA,Women Navy Blue Printed A-Line Dress,3.9,17,3499,65.0,INR,dresses,2274.35,66.3
13398280,Zastraa,Women Grey Solid Sheath Dress,4.3,45,3299,70.0,INR,dresses,2309.2999999999997,193.5
13379612,THE SILHOUETTE STORE,Women Orange Solid Maxi Dress,2.0,3,1399,0.0,INR,dresses,0.0,6.0
22630128,NUEVOSDAMAS,Girls Polka Dot Printed Crepe Fit & Flare Dress,2.8,5,1999,70.0,INR,dresses,1399.3,14.0
22596522,Vero Moda,Shoulder Straps Cut Out Smocked A-Line Midi Dress,4.3,12,3799,65.0,INR,dresses,2469.35,51.599999999999994
22619942,Styli,Burgundy Puff Sleeve Accordion Pleated Fit & Flare Midi Dress,3.7,11,2799,51.0,INR,dresses,1427.49,40.7
12356000,KLEIO,Women Green Solid Vegan Quilted Unisex Gym Bag,4.6,8,3499,55.0,INR,duffel-bag,1924.45,36.8
12944214,Cherry Crumble,Boys Olive Green Solid Corduroy Dungarees,3.8,11,2599,45.0,INR,dungarees,1169.55,41.8
21656682,Dupatta Bazaar,Embroidered Dupatta with Sequinned,4.3,33,999,51.0,INR,dupatta,509.49,141.9
22601210,Nimidiya,Leheriya Dyed Dupatta,4.5,13,999,60.0,INR,dupatta,599.4,58.5
22601148,Nimidiya,Dupatta With taping Border,3.3,3,999,60.0,INR,dupatta,599.4,9.899999999999999
22601132,Nimidiya,Dupatta With taping Border,3.2,9,999,60.0,INR,dupatta,599.4,28.8
20195790,Dupatta Bazaar,Sequin Embroidered Net Dupatta,4.7,10,999,48.0,INR,dupatta,479.52,47.0
12999996,Vishudh,Women Navy Blue Checked Dupatta,4.6,17,599,62.0,INR,dupatta,371.38,78.19999999999999
15720652,Rubans,Silver-Toned Dome Shaped Studs Earrings,3.8,21,1480,76.0,INR,earrings,1124.8,79.8
15713414,Crunchy Fashion,White Contemporary Studs Earrings,4.2,22,1998,68.0,INR,earrings,1358.64,92.4
15750524,Priyaasi,Rose Gold-Plated Dome Shaped Jhumkas,4.4,97,7999,74.0,INR,earrings,5919.26,426.8
15014966,Priyaasi,Gold-Toned & Gold Plated Contemporary Jhumkas Earrings,4.9,13,3949,76.0,INR,earrings,3001.2400000000002,63.7
10125243,KARATCART,White Gold-Plated Stone-Studded Beaded Chandelier Classic Drop Earrings,4.0,213,1282,62.0,INR,earrings,794.84,852.0
10564232,PRITA BY PRIYAASI,Multicoloured Gold-Plated Beaded Handcrafted Circular Half Hoop Earrings,4.3,727,1130,69.0,INR,earrings,779.6999999999999,3126.1
10135431,Priyaasi,Green Gold-Plated Dome Shaped Jhumkas,4.5,347,1000,50.0,INR,earrings,500.0,1561.5
10125225,KARATCART,Peach-Coloured & Off-White Gold-Plated Stone-Studded Crescent Shaped Chandbalis,4.1,872,1568,73.0,INR,earrings,1144.6399999999999,3575.2
10125241,KARATCART,Green Gold-Plated Beaded Enamelled Floral Chandbalis,4.2,22,1711,82.0,INR,earrings,1403.02,92.4
19925208,Yellow Chimes,Women Green & Gold Boho Dangle Chiffon Silk Layered Petal Hoop Earrings,4.1,14,774,44.0,INR,earrings,340.56,57.39999999999999
20064092,AMI,Set Of 25 Gold-Toned Gold Plated Contemporary Hoop & Stud Earrings,3.8,6,1995,80.0,INR,earrings,1596.0,22.799999999999997
17354670,ANIKAS CREATION,Gold-Plated White Contemporary Drop Earrings,4.0,5,1995,69.0,INR,earrings,1376.55,20.0
20041906,KARATCART,Women Black Oxidised Classic Drop Earrings,4.3,9,1730,65.0,INR,earrings,1124.5,38.699999999999996
22601952,SOHI,Gold Plated Teardrop Shaped Drop Earrings,4.5,15,1455,76.0,INR,earrings,1105.8,67.5
22618882,Saraf RS Jewellery,Silver-Plated Contemporary Oxidised Drop Earrings,4.2,99,3795,77.0,INR,earrings,2922.15,415.8
14467848,GIVA,925 Sterling Silver Rhodium Plated Chain Hoop Earrings,4.4,17,2799,50.0,INR,earrings,1399.5,74.80000000000001
14399558,Shoshaa,Silver-Plated & Pink Oxidised Drop Earrings,4.6,21,2488,72.0,INR,earrings,1791.36,96.6
19072820,FemNmas,Silver-Toned Classic Studs Earrings,4.4,5,249,0.0,INR,earrings,0.0,22.0
13402874,Crunchy Fashion,Black & Gold-Toned Contemporary Jhumkas,4.2,6,1575,78.0,INR,earrings,1228.5,25.200000000000003
13340876,Kord Store,Red Gold Plated Meenakari Classic Jhumkas,4.4,7,4524,88.0,INR,earrings,3981.12,30.800000000000004
12930940,TOKYO TALKIES X rubans FASHION ACCESSORIES,Gold-Plated & White Contemporary Drop Earrings,3.9,14,1650,81.0,INR,earrings,1336.5,54.6
12930744,ANIKAS CREATION,Blue Dome Shaped Jhumkas,4.4,16,1075,55.0,INR,earrings,591.25,70.4
12928904,ANIKAS CREATION,Gold-Plated Drop Earrings with Multicoloured Set of 6 Changeable Stones,3.8,6,1600,70.0,INR,earrings,1120.0,22.799999999999997
21604464,Inddus,Pink Sheer Floral Embroidered Midi Ethnic Dress With Inner,3.3,7,6299,58.0,INR,ethnic-dresses,3653.4199999999996,23.099999999999998
21990058,Rustorange,Floral Printed A-Line Midi Ethnic Dress,5.0,2,3299,55.0,INR,ethnic-dresses,1814.45,10.0
21992820,PANIT,Embroidered Sequinned Georgette Fit And Flare Ethnic Maxi Dress,4.4,14,7999,71.0,INR,ethnic-dresses,5679.29,61.60000000000001
15741084,Ashnaina,Red Floral Crepe Tiered Maxi Dress,3.2,6,1799,65.0,INR,ethnic-dresses,1169.3500000000001,19.200000000000003
15741088,Ashnaina,Women Brown Animal Midi Fit and Flare Dress,4.1,88,1799,67.0,INR,ethnic-dresses,1205.3300000000002,360.79999999999995
15788632,AURELIA,Black Checked Empire Midi Dress,4.2,14,2499,44.0,INR,ethnic-dresses,1099.56,58.800000000000004
15749780,W,Women Mustard Yellow & White Ethnic Printed Maxi Ethnic Dress,4.3,23,3999,60.0,INR,ethnic-dresses,2399.4,98.89999999999999
16197802,Vishudh,Grey Floral Embroidered Ethnic Maxi Dress,3.9,609,3049,60.0,INR,ethnic-dresses,1829.3999999999999,2375.1
19197596,W,Blue Floral Chiffon A-Line Midi Dress,3.9,10,2799,49.0,INR,ethnic-dresses,1371.51,39.0
18922226,Ahalyaa,Off White Geometric Printed Maxi Dress,2.8,8,4300,63.0,INR,ethnic-dresses,2709.0,22.4
22411344,Juniper,Floral Embroidered Flared Cotton Midi Dress,3.9,11,4149,75.0,INR,ethnic-dresses,3111.75,42.9
19990734,VASTRAMAY,Girls Mustard Yellow Chikankari Cotton Ethnic Dress,4.7,9,2499,61.0,INR,ethnic-dresses,1524.3899999999999,42.300000000000004
10127829,Geroo Jaipur,White & Red Floral Hand Block Printed Pure Cotton Sustainable Dress,3.8,6,2499,60.0,INR,ethnic-dresses,1499.3999999999999,22.799999999999997
10132319,Karmic Vision,Women Grey & Red Solid Maxi Dress,3.9,12,4999,53.0,INR,ethnic-dresses,2649.4700000000003,46.8
13404948,YASH GALLERY,Women Black & White Cotton Printed A-Line Maternity Dress,4.1,67,3899,76.0,INR,ethnic-dresses,2963.2400000000002,274.7
12994772,Souchii,Women Cream-Coloured Floral Printed A-Line Dress,3.9,10,1999,47.0,INR,ethnic-dresses,939.53,39.0
13355452,Rangriti,Women Coral Pink & White Liva Checked A-Line Dress With Belt,4.4,33,1299,35.0,INR,ethnic-dresses,454.65,145.20000000000002
13405888,Saanjh,Women Green Printed Fit and Flare Dress,4.0,7,1969,62.0,INR,ethnic-dresses,1220.78,28.0
22603284,JAIPURI COLLECTION,Ethnic Motifs Printed Maxi Ethnic Dress,3.9,10,2899,71.0,INR,ethnic-dresses,2058.29,39.0
22583702,Mialo fashion,Ethnic Printed Kaftan Dress,2.7,9,2999,78.0,INR,ethnic-dresses,2339.2200000000003,24.3
15787112,Mamaearth,Oil-Free Face Moisturizer With Turmeric & Saffron For Skin Brightening  - 80 ml,4.3,903,319,12.0,INR,face-moisturisers,38.28,3882.8999999999996
10075857,Organic Harvest,Spot Reduction Face Cream with Kakadu Plum & Almonds Extracts,3.7,9,845,20.0,INR,face-moisturisers,169.0,33.300000000000004
12926546,natural vibes,Unisex Ayurvedic Teatree Facewash 150ml,4.8,9,449,5.0,INR,face-wash-and-cleanser,22.450000000000003,43.199999999999996
18299664,Bata,Women Black Open Toe Flats,3.8,75,1199,20.0,INR,flats,239.8,285.0
19974396,FORVELA,Women Black Open Toe Flats,3.9,46,999,55.0,INR,flats,549.45,179.4
16704788,Birkenstock,Unisex Regular Width Glamour Gold Gizeh Essentials Slide Sandals,4.5,12,4990,0.0,INR,flats,0.0,54.0
21888172,Brauch,Embellished Pointed Toe Ballerinas,4.0,10,1499,60.0,INR,flats,899.4,40.0
21735080,Birkenstock,Women Gizeh Regular Width T-Strap Flats,4.5,11,6990,0.0,INR,flats,0.0,49.5
21735014,Birkenstock,Women Madrid Big Buckle Narrow Width Nubuck Leather Open Toe Flats,4.8,5,9490,0.0,INR,flats,0.0,24.0
21928414,Clarks,Open Toe T-Strap Flats,4.0,11,3499,0.0,INR,flats,0.0,44.0
18638536,CODE by Lifestyle,Women White Embellished Mules Flats,4.0,20,1499,50.0,INR,flats,749.5,80.0
13596626,Anouk,Women Gold-Toned & Beige Embellished One Toe Flats,4.3,44,2299,0.0,INR,flats,0.0,189.2
13533588,Padvesh,Women Pink Textured Ballerinas,3.9,30,899,45.0,INR,flats,404.55,117.0
21205620,Tommy Hilfiger,Women Printed Thong Flip-Flops,4.3,8,2599,30.0,INR,flip-flops,779.6999999999999,34.4
21497394,Puma,Unisex Mia V2 Printed Thong Flip-Flops,4.1,52,999,50.0,INR,flip-flops,499.5,213.2
18489598,Campus,Men Black & Red Striped Rubber Thong Flip-Flops,3.1,9,449,20.0,INR,flip-flops,89.80000000000001,27.900000000000002
18521180,Reebok,Women White & Purple Cuba Flip Thong Flip-Flops,4.5,75,1999,50.0,INR,flip-flops,999.5,337.5
18504724,Bata,Men Black & White Sliders,3.5,48,999,55.0,INR,flip-flops,549.45,168.0
20124616,Duke,Men Printed Thong Flip-Flops,4.3,20,399,35.0,INR,flip-flops,139.64999999999998,86.0
19790160,toothless,Girls Pink & Green Printed Rubber Thong Flip-Flops,4.1,15,499,60.0,INR,flip-flops,299.4,61.49999999999999
18598106,Ginger by Lifestyle,Women Pink & White Printed Rubber Thong Flip-Flops,4.4,45,499,40.0,INR,flip-flops,199.60000000000002,198.00000000000003
13579258,HIGHLANDER,Men Blue & White Printed Sliders,3.8,83,798,30.0,INR,flip-flops,239.39999999999998,315.4
16168398,Bata,Women Brown Printed Room Slippers,4.1,38,599,25.0,INR,flip-flops,149.75,155.79999999999998
15134218,Paragon,Men Grey & Black Printed Rubber Thong Flip-Flops,4.0,66,599,45.0,INR,flip-flops,269.55,264.0
13639590,U.S. Polo Assn.,Men Conex Striped Sliders,3.5,4,1499,50.0,INR,flip-flops,749.5,14.0
21431930,yoho,Men Rubber Comfortable Thong Flip-Flops,4.0,24,1499,63.0,INR,flip-flops,944.37,96.0
21597086,Paragon,Women Stylish Outdoor Cushioned Lightweight Sliders,3.0,12,799,45.0,INR,flip-flops,359.55,36.0
13374206,Saral Home,White & Grey Geometric Patterned Multi-Use Dhurrie,3.4,7,1199,45.0,INR,floor-mats--dhurries,539.5500000000001,23.8
13374286,Saral Home,Blue Foor Mat,4.7,7,1999,27.0,INR,floor-mats--dhurries,539.73,32.9
13374334,Saral Home,Green Solid Anti-Skid Floor Mat,4.4,5,1999,27.0,INR,floor-mats--dhurries,539.73,22.0
1848495,Teakwood Leathers,Men Brown Leather Formal Shoes,3.5,25,10199,60.0,INR,formal-shoes,6119.4,87.5
21931392,Clarks,Men Leather Round Toe Formal Derbys,4.4,7,9999,40.0,INR,formal-shoes,3999.6000000000004,30.800000000000004
17755896,Red Tape,Men Black Solid Genuine Leather Formal Derbys,4.0,265,6899,70.0,INR,formal-shoes,4829.299999999999,1060.0
21656954,Fashion Victim,Men Tassel Leather Formal Slip on Shoes,3.5,6,3999,72.0,INR,formal-shoes,2879.2799999999997,21.0
22609796,HERE&NOW,Men Black Perforated Formal Brogues,3.7,29,2999,70.0,INR,formal-shoes,2099.2999999999997,107.30000000000001
13411744,CARLO ROMANO,Men Black Solid Burnish Leather Formal Shoes,3.7,23,3998,48.0,INR,formal-shoes,1919.04,85.10000000000001
21602846,SUGAR,Aquaholic Hydrating Foundation with Built-In Cushion Applicator 30ml - Latte 10,4.2,12,899,0.0,INR,foundation,0.0,50.400000000000006
14950128,YK,Kids Coffee Brown Striped Hand Gloves,4.5,62,699,50.0,INR,gloves,349.5,279.0
21996616,CHANDERKASH,Women Black Set of 4 Bumpit Hair Pin,3.0,2,1199,60.0,INR,hair-accessory,719.4,6.0
22579802,DIAN,Women Set Of 10 Assorted Knot Hairband,1.8,8,1000,56.0,INR,hair-accessory,560.0,14.4
16721772,BodyHerbals,Anti-Static Wide Tooth Dressing Comb,4.4,14,399,16.0,INR,hair-brush-and-comb,63.84,61.60000000000001
18584192,7 DAYS,"Vitamin C Face Scrub For Glowing Skin, With Walnut For Skin Illumination-100 g",4.5,13,499,56.0,INR,hair-cream-and-mask,279.44000000000005,58.5
18584190,7 DAYS,100% Natural & Pure Amla Powder for Hair & Skin - 100 g,4.4,11,499,56.0,INR,hair-masks,279.44000000000005,48.400000000000006
21421856,Baggit,Dinosaur Textured PU Regular Structured Handheld Bag,4.4,5,1990,50.0,INR,handbags,995.0,22.0
21421918,Baggit,Textured Handheld Bag,4.6,18,1890,46.0,INR,handbags,869.4000000000001,82.8
16696848,Accessorize,London Women Faux Leather Piper Sling bag,4.6,38,4995,61.0,INR,handbags,3046.95,174.79999999999998
18200086,Caprese,Yellow Structured Shoulder Bag,4.0,59,3699,75.0,INR,handbags,2774.25,236.0
7743536,Lino Perros,Navy Blue Solid Shoulder Bag,4.5,6,4495,66.0,INR,handbags,2966.7000000000003,27.0
7743355,Lino Perros,Blue Solid Shoulder Bag,4.3,14,3495,60.0,INR,handbags,2097.0,60.199999999999996
8293015,Lychee bags,White Solid Sling Bag,3.9,84,1699,4.0,INR,handbags,67.96000000000001,327.59999999999997
17637810,Toteteca,Women Black PU Structured Shoulder Bag,4.8,5,3099,63.0,INR,handbags,1952.3700000000001,24.0
17761230,Caprese,Red Leather Structured Shoulder Bag,4.1,10,3999,70.0,INR,handbags,2799.2999999999997,41.0
15188034,Metro,Grey PU Swagger Sling Bag,4.3,10,1290,0.0,INR,handbags,0.0,43.0
21762808,Baggit,Structured Sling Bag,4.6,10,1690,50.0,INR,handbags,845.0,46.0
21421996,Baggit,Studded Sling Bag,4.5,40,1990,50.0,INR,handbags,995.0,180.0
21621752,Berrylush,Checked Structured Handheld Bag,4.0,111,3299,59.0,INR,handbags,1946.4099999999999,444.0
13359482,FLYING BERRY,Silver-Toned Solid Handheld Bag,4.9,7,2999,44.0,INR,handbags,1319.56,34.300000000000004
13389422,DailyObjects,Multicoloured Printed Sling Bag,4.3,123,2999,62.0,INR,handbags,1859.3799999999999,528.9
13389410,DailyObjects,Pink & Beige Printed Sling Bag,4.2,30,2999,62.0,INR,handbags,1859.3799999999999,126.0
22603262,DailyObjects,Charcoal Trunk Laptop Tote Bag,3.8,6,3999,25.0,INR,handbags,999.75,22.799999999999997
17743820,NOISE,"Beads White Truly Wireless Earbuds with 18hrs Playtime, and HyperSync",3.8,97,3499,0.0,INR,headphones,0.0,368.59999999999997
19219056,BLAUPUNKT,BH51 Wireless Earphones - Black,4.5,11,5999,33.0,INR,headphones,1979.67,49.5
16193242,CrossBeats,Silver-Toned Solid Truly Wireless In-Ear Earbuds,1.7,17,9999,0.0,INR,headphones,0.0,28.9
13474452,Allen Solly,Women Tan Brown & Black Solid Block Heels,4.3,14,2299,50.0,INR,heels,1149.5,60.199999999999996
17647418,FOOTONS,Women Beige Comfort Sandals,5.0,2,3199,55.0,INR,heels,1759.45,10.0
13475738,TRASE,Women Brown Laser Cut Wedges,4.0,39,1599,0.0,INR,heels,0.0,156.0
22217088,DressBerry,Open Back Flatform Heels,4.1,34,1599,54.0,INR,heels,863.46,139.39999999999998
22200396,Bruno Manetti,Textured Pointed Toes Block Pumps,4.0,5,3999,63.0,INR,heels,2519.37,20.0
19217010,Inc 5,Women Beige Embellished Ethnic Wedge Heels,4.4,14,2690,0.0,INR,heels,0.0,61.60000000000001
22200418,Bruno Manetti,Embellished Open Toe Wedges,3.9,8,3999,65.0,INR,heels,2599.35,31.2
15120922,Anouk,Women White & Gold-Toned Block Heel Sandals,4.0,25,2699,60.0,INR,heels,1619.3999999999999,100.0
16276014,Iris,Brown & Black Home Fragrance Set,4.5,6,700,15.0,INR,home-fragrance-set,105.0,27.0
16299490,Bodycare Kids,Bodycare Boys Pack Of 6 Assorted Cotton Ben 10 Basic Innerwear Vests,3.8,10,978,0.0,INR,innerwear-vests,0.0,38.0
22429820,YK Basics,Boys Pack of 5 Solid Pure Cotton Innerwear Vests,3.5,12,1299,61.0,INR,innerwear-vests,792.39,42.0
19014822,mothercare,Boys Colourblocked Fleece Lined Padded Jacket,4.6,7,3499,45.0,INR,jackets,1574.55,32.199999999999996
19015560,U.S. Polo Assn. Kids,Boys Yellow Solid Puffer Jacket,4.5,40,2499,43.0,INR,jackets,1074.57,180.0
19020502,U.S. Polo Assn.,Men Red & Navy Blue Colourblocked Puffer Jacket,4.4,338,6299,53.0,INR,jackets,3338.4700000000003,1487.2
19014828,mothercare,Infant Girls Pure Cotton Tailored Jacket,4.5,15,2999,25.0,INR,jackets,749.75,67.5
18976038,VOXATI,Men Olive Green Denim Jacket,3.9,345,2599,58.0,INR,jackets,1507.4199999999998,1345.5
19015652,U.S. Polo Assn. Kids,Girls Pink Self Design Bomber Jacket,4.2,19,2799,46.0,INR,jackets,1287.54,79.8
19020536,U.S. Polo Assn.,U S Polo Assn Men Blue & White Colourblocked Long Sleeves Puffer Jacket,4.1,91,6999,50.0,INR,jackets,3499.5,373.09999999999997
19020616,U.S. Polo Assn.,U S Polo Assn Men Beige & Black Colourblocked Puffer Jacket,4.3,47,6299,30.0,INR,jackets,1889.6999999999998,202.1
19020478,U.S. Polo Assn.,Men Black & Teal Green Colourblocked Sleeveless Puffer Jacket,4.3,150,4599,40.0,INR,jackets,1839.6000000000001,645.0
19020722,U.S. Polo Assn.,Men Yellow Solid Puffer Jacket,4.0,64,5999,50.0,INR,jackets,2999.5,256.0
19837040,High Star,Women Olive Green Solid Crop Padded Jacket,4.1,41,3749,85.0,INR,jackets,3186.65,168.1
19837008,High Star,Women Navy Blue Solid Parka Jacket,3.9,32,4549,85.0,INR,jackets,3866.65,124.8
19020654,U.S. Polo Assn.,U S Polo Assn Men Black And Blue Colourblocked Hooded Puffer Jacket,4.0,54,6999,40.0,INR,jackets,2799.6000000000004,216.0
14991614,Roadster,Men Green Brand Logo Detail Tailored Jacket,4.2,363,1699,50.0,INR,jackets,849.5,1524.6000000000001
16182066,People,Men Mustard Sleeveless Bomber Jacket,4.3,71,1799,48.0,INR,jackets,863.52,305.3
19231126,Mast & Harbour,Women Brown PU Coated Biker Jacket,4.2,31,4499,68.0,INR,jackets,3059.32,130.20000000000002
19987190,Peter England,Men White Solid Padded Jacket,3.9,33,2499,26.0,INR,jackets,649.74,128.7
19020564,U.S. Polo Assn.,Men Olive Green Bomber Jacket,4.3,112,5299,50.0,INR,jackets,2649.5,481.59999999999997
19015534,U.S. Polo Assn. Kids,Girls Maroon Solid Puffer Jacket,4.1,33,2499,36.0,INR,jackets,899.64,135.29999999999998
19020450,U.S. Polo Assn.,U S Polo Assn Men Navy Blue Puffer Jacket,4.3,96,6499,40.0,INR,jackets,2599.6000000000004,412.79999999999995
19020572,U.S. Polo Assn.,U S Polo Assn Men Olive Green Brand Logo Printed Bomber Jacket,4.0,95,5499,40.0,INR,jackets,2199.6,380.0
14281506,HRX by Hrithik Roshan,HRX By Hrithik Roshan Lifestyle Men Medieval Blue Rapid-Dry Colourblock Jacket,3.9,127,3299,0.0,INR,jackets,0.0,495.3
11973216,Mast & Harbour,Women Navy Blue Solid Hooded Lightweight Bomber Jacket,4.0,378,2699,55.0,INR,jackets,1484.45,1512.0
19020676,U.S. Polo Assn.,Men Charcoal Bomber Jacket,4.6,85,5699,45.0,INR,jackets,2564.55,390.99999999999994
19020358,U.S. Polo Assn.,Men Navy Blue Bomber Jacket,3.5,125,5799,50.0,INR,jackets,2899.5,437.5
19020568,U.S. Polo Assn.,Men White Navy Blue Solid Reversible Open Front Jacket,4.2,199,6999,40.0,INR,jackets,2799.6000000000004,835.8000000000001
18973692,Levis,Men Blue 65504 Skinny Fit Mid Rise Light Fade Stretchable Jeans,4.2,426,4099,57.0,INR,jeans,2336.43,1789.2
18973742,Levis,Men Blue Slim Fit Slash Knee Heavy Fade Stretchable Jeans,4.2,182,4399,48.0,INR,jeans,2111.52,764.4
19008522,Calvin Klein Jeans,Women Straight Fit Pure Cotton Jeans,3.8,14,7999,20.0,INR,jeans,1599.8000000000002,53.199999999999996
18974084,Levis,512 Men Navy Blue Slim Tapered Fit Mid-Rise Light Fade Clean Look Stretchable Jeans,4.2,135,4399,57.0,INR,jeans,2507.43,567.0
18873126,KETCH,Men Charcoal Slim Fit Clean Look Light Fade Stretchable Jeans,4.0,20,1749,64.0,INR,jeans,1119.3600000000001,80.0
18826658,Chemistry,Women Navy Blue Casual Jeans,3.7,15,1899,55.0,INR,jeans,1044.45,55.5
18960426,Lee,Men Blue Rodeo Straight Fit Low Distress Heavy Fade Stretchable Jeans,3.9,42,3799,55.0,INR,jeans,2089.4500000000003,163.79999999999998
18802522,BEAT LONDON by PEPE JEANS,Men Tapered Fit Low-Rise Heavy Fade Stretchable Jeans,4.0,20,2799,50.0,INR,jeans,1399.5,80.0
18973648,Levis,Men Blue 511 Slim Fit Light Fade Stretchable Jeans,4.2,290,4099,0.0,INR,jeans,0.0,1218.0
18973888,Levis,Men Skinny Fit Heavy Fade Stretchable Jeans,4.4,333,4099,0.0,INR,jeans,0.0,1465.2
18973730,Levis,Men Blue 511 Slim Fit Mid Rise Light Fade Stretchable Jeans,4.1,193,4399,49.0,INR,jeans,2155.5099999999998,791.3
18973948,Levis,Men Blue 512 Slim Tapered Fit Stretchable Jeans,4.0,30,4999,30.0,INR,jeans,1499.7,120.0
19008496,Calvin Klein Jeans,Women Skinny Fit High-Rise Light Fade Stretchable Jeans,5.0,8,7999,40.0,INR,jeans,3199.6000000000004,40.0
18992754,AMERICAN EAGLE OUTFITTERS,Women Grey Straight Fit High-Rise Highly Distressed Jeans,4.8,5,4499,60.0,INR,jeans,2699.4,24.0
18973922,Levis,Men Blue 65504 Skinny Fit Mid Rise Light Fade Stretchable Jeans,4.1,237,4099,0.0,INR,jeans,0.0,971.6999999999999
18979610,KiddoPanti,Girls Grey No Fade Stretchable Cotton Jeans,3.9,7,1399,52.0,INR,jeans,727.48,27.3
18675392,Jack & Jones,Men Blue Skinny Fit Mildly Distressed Heavy Fade Jeans,3.8,81,3499,50.0,INR,jeans,1749.5,307.8
18973950,Levis,65504 Men Navy Blue Skinny Straight Fit Mid-Rise Light Fade Stretchable Jeans,4.1,156,4999,51.0,INR,jeans,2549.4900000000002,639.5999999999999
18198558,FOREVER 21,Women Navy Blue Flared Light Fade Wide-leg Jeans,3.7,6,1799,70.0,INR,jeans,1259.3,22.200000000000003
18094702,Roadster,The  Lifestyle Co Men Blue Slim Fit Mid-Rise Stretchable Jeans,3.9,35,2499,60.0,INR,jeans,1499.3999999999999,136.5
19842706,Llak Jeans,Men Black Skinny Fit Light Fade Stretchable Jeans,4.2,9,2299,75.0,INR,jeans,1724.25,37.800000000000004
13768634,Nautica,Men Black Slim Fit Stretchable Jeans,4.6,16,4999,0.0,INR,jeans,0.0,73.6
18973700,Levis,Men Blue 511 Slim Fit Heavy Fade Stretchable Jeans,3.8,116,4699,0.0,INR,jeans,0.0,440.79999999999995
18973728,Levis,Men 65504 Skinny Tapered Fit Jeans,4.4,260,4399,47.0,INR,jeans,2067.5299999999997,1144.0
18903330,Levis,Women Blue Skinny Fit High-Rise Stretchable Jeans,4.4,235,3299,20.0,INR,jeans,659.8000000000001,1034.0
18973740,Levis,Men Blue 512 Slim Tapered Fit Mid Rise Stretchable Jeans,4.3,340,4099,57.0,INR,jeans,2336.43,1462.0
18953840,KETCH,Men Grey Slim Fit Heavy Fade Stretchable Jeans,3.2,24,1899,68.0,INR,jeans,1291.3200000000002,76.80000000000001
18969982,Allen Solly Junior,Boys Slim Fit Heavy Fade Stretchable Jeans,4.2,6,1799,35.0,INR,jeans,629.65,25.200000000000003
18953870,KETCH,Men Charcoal Tapered Fit Light Fade Stretchable Jeans,3.8,85,1749,62.0,INR,jeans,1084.3799999999999,323.0
19017664,Allen Solly Sport,Men Navy Blue Slim Fit Light Fade Jeans,3.9,8,3299,40.0,INR,jeans,1319.6000000000001,31.2
18925586,KETCH,Men Charcoal Skinny Fit Mildly Distressed Stretchable Jeans,3.6,15,1749,62.0,INR,jeans,1084.3799999999999,54.0
18734066,Flying Machine,Men Blue Micheal Slim Fit Mid-Rise Light Fade Stretchable Jeans,4.1,26,2699,61.0,INR,jeans,1646.3899999999999,106.6
18993370,Blackberrys,Men Navy Blue Slim Fit Stretchable Jeans,4.3,29,3295,40.0,INR,jeans,1318.0,124.69999999999999
15190770,AMERICAN EAGLE OUTFITTERS,Women Blue Slim Fit High-Rise Light Fade Jeans,4.0,6,3999,60.0,INR,jeans,2399.4,24.0
22005330,H&M,Women Slim Regular Ankle Jeans,3.8,5,2999,0.0,INR,jeans,0.0,19.0
15067844,Flying Machine,Men Blue Jackson Skinny Fit Low-Rise Heavy Fade Printed Stretchable Jeans,4.1,69,2399,50.0,INR,jeans,1199.5,282.9
19059688,Flying Machine,Men Blue Slim Fit Light Fade Stretchable Jeans,3.7,72,2999,55.0,INR,jeans,1649.45,266.40000000000003
18960434,Lee,Men Blue Bruce Skinny Fit Light Fade Stretchable Jeans,4.4,34,3999,55.0,INR,jeans,2199.4500000000003,149.60000000000002
18925582,KETCH,Men Blue Bootcut Mildly Distressed Heavy Fade Stretchable Jeans,2.9,11,1999,62.0,INR,jeans,1239.3799999999999,31.9
18973952,Levis,Men Blue 517 Slim Fit Mid-Rise Stretchable Jeans,4.1,329,3499,48.0,INR,jeans,1679.52,1348.8999999999999
18973778,Levis,Men Blue 517 Slim Bootcut Fit Light Fade Stretchable Jeans,3.7,61,4399,51.0,INR,jeans,2243.4900000000002,225.70000000000002
18689340,Flying Machine,Women Black Wide Leg High-Rise Light Fade Cropped Jeans,4.3,36,2349,42.0,INR,jeans,986.5799999999999,154.79999999999998
18708638,Dennis Lingo,Men Black Slim Fit Low Distress Light Fade Stretchable Jeans,3.4,13,3199,73.0,INR,jeans,2335.27,44.199999999999996
18734000,Flying Machine,Men Blue Michael Slim Tapered Fit Heavy Fade Stretchable Jeans,3.7,72,2699,61.0,INR,jeans,1646.3899999999999,266.40000000000003
18973790,Levis,Men Blue 512 Slim Tapered Fit Heavy Fade Jeans,4.3,54,5599,50.0,INR,jeans,2799.5,232.2
21184968,HERE&NOW,Women Flared Heavy Fade Stretchable Jeans,4.6,111,2399,68.0,INR,jeans,1631.3200000000002,510.59999999999997
18734380,Flying Machine,Men Black Slim Tapered Micheal Fit Stretchable Jeans,3.6,12,2599,50.0,INR,jeans,1299.5,43.2
18736356,H&M,Women Blue Ripped Boyfriend Low Regular Jeans,3.8,40,2699,25.0,INR,jeans,674.75,152.0
18903148,Levis,Women Blue 711 Skinny Fit Light Fade Stretchable Jeans,4.3,150,3899,20.0,INR,jeans,779.8000000000001,645.0
18734006,Flying Machine,Men Blue Jackson Skinny Fit Low-Rise Heavy Fade Stretchable Jeans,4.3,42,2499,50.0,INR,jeans,1249.5,180.6
18928362,AMERICAN EAGLE OUTFITTERS,Women Blue Skinny Fit Mildly Distressed Light Fade Jeans,4.1,9,4499,60.0,INR,jeans,2699.4,36.9
18964420,American Bull,Men Blue Skinny Fit Light Fade Jeans,4.5,2,4299,62.0,INR,jeans,2665.38,9.0
18734132,Flying Machine,Men Blue Jackson Skinny Fit Low-Rise Heavy Fade Stretchable Jeans,3.6,62,2499,61.0,INR,jeans,1524.3899999999999,223.20000000000002
18973914,Levis,Men Blue 512 Slim Tapered Fit Mid Rise Light Fade Stretchable Jeans,4.4,243,3799,60.0,INR,jeans,2279.4,1069.2
15049188,Roadster,Pink & Black Geometric Printed Basic Smocked Detail Jumpsuit,4.5,50,2099,60.0,INR,jumpsuit,1259.3999999999999,225.0
19841310,SHOWOFF,Women Solid Straight Red Kurta,4.0,4,1500,60.0,INR,kurtas,900.0,16.0
17760672,Cayman,Women Blue Ethnic Motifs Printed Kurta,4.0,11,1345,70.0,INR,kurtas,941.4999999999999,44.0
17656880,Vishudh,Women Blue Thread Work Straight Kurta,4.4,43,1499,43.0,INR,kurtas,644.5699999999999,189.20000000000002
22214714,Nehamta,Striped Mandarin Collar Kurta,3.7,10,1227,43.0,INR,kurtas,527.61,37.0
16186258,Vishudh,Women Black Keyhole Neck Kurta,4.2,87,1799,79.0,INR,kurtas,1421.21,365.40000000000003
22110424,VASTRADO,Ethnic Motifs Printed Mandarin Collar Pure Cotton Short Kurta,5.0,2,1199,55.0,INR,kurtas,659.45,10.0
18637234,House of Pataudi,Women Blue & Silver-Toned Ethnic Motifs Yoke Design Kurta,4.2,85,2499,0.0,INR,kurtas,0.0,357.0
17627254,HERE&NOW,Women Blue Solid Pure Cotton Kurta,3.9,131,1599,70.0,INR,kurtas,1119.3,510.9
13562488,KSUT,Women Black & White Geometric Screen Print Mandarin Collar Pure Cotton Straight Kurta,4.3,95,1599,57.0,INR,kurtas,911.43,408.5
17644540,Libas,Women Pink & Golden Yoke Design  Kurta,4.2,364,2499,64.0,INR,kurtas,1599.3600000000001,1528.8
13506804,Ishin,Women Teal Embellished Anarkali Cotton Kurta,4.1,169,5199,54.0,INR,kurtas,2807.46,692.9
18637284,House of Pataudi,Women Ethnic Motifs Embroidered Anarkali Jashn Kurta,4.1,34,3999,0.0,INR,kurtas,0.0,139.39999999999998
19574714,Cayman,Women Black Floral Printed Woollen Kurta,4.3,17,5995,50.0,INR,kurtas,2997.5,73.1
19580226,DEVOILER,Men Coffee Brown Solid Kurta,4.7,7,2499,55.0,INR,kurtas,1374.45,32.9
19513786,Desi Mix,Women Sea Green Floral Printed Kurta,4.0,11,400,15.0,INR,kurtas,60.0,44.0
12524816,HERE&NOW,Women Blue & Golden Ethnic Printed Straight Kurta,4.1,937,1199,0.0,INR,kurtas,0.0,3841.7
12531668,INDYA,Women White & Pink Printed A-Line Layered Kurta,4.4,10,2900,55.0,INR,kurtas,1595.0000000000002,44.0
12418812,Indo Era,Women Black & White Bandhani Print Straight Kurta,3.7,22,1599,50.0,INR,kurtas,799.5,81.4
19688180,KALINI,Women Pink Floral Printed Keyhole Neck Floral Georgette Kurta,4.1,11,1499,47.0,INR,kurtas,704.53,45.099999999999994
19027402,Jompers,Men Mustard Yellow Ethnic Motifs Embroidered Mirror Work Pure Cotton Kurta with Pyjamas,4.5,6,3499,75.0,INR,kurta-sets,2624.25,27.0
18925432,Indo Era,Women Green Sequinned Kurta with Palazzos & With Dupatta,4.7,14,5399,74.0,INR,kurta-sets,3995.2599999999998,65.8
18997222,IRIDAA JAIPUR,Women Blue Beige Floral Printed Pure Cotton Kurta with Palazzos,2.3,3,3999,67.0,INR,kurta-sets,2679.3300000000004,6.8999999999999995
19027362,Jompers,Men Black Embroidered Chikankari Pure Cotton Kurta with Churidar,3.8,61,2499,55.0,INR,kurta-sets,1374.45,231.79999999999998
18946592,Indian Virasat,Women Peach-Coloured Ethnic Motifs Printed Pure Cotton Kurta with Trousers,4.3,9,2999,72.0,INR,kurta-sets,2159.2799999999997,38.699999999999996
19027352,Jompers,Men Green Ethnic Motifs Kurta with Churidar,4.2,104,2199,66.0,INR,kurta-sets,1451.3400000000001,436.8
17754514,Indo Era,Women Purple Floral Embroidered Kurta with Trousers & With Dupatta,4.1,91,6799,75.0,INR,kurta-sets,5099.25,373.09999999999997
13781254,Sangria,Women Red & Golden Ethnic Motifs Printed Pure Cotton Kurta with Trousers,3.8,295,2199,0.0,INR,kurta-sets,0.0,1121.0
13771276,Nayo,Women Green Printed Kurta with Palazzos & Dupatta,3.9,35,3999,70.0,INR,kurta-sets,2799.2999999999997,136.5
17754686,ADIVA,Girls Yellow Floral Printed Angrakha Gotta Patti Pure Cotton Kurti with Sharara,3.8,25,2999,67.0,INR,kurta-sets,2009.3300000000002,95.0
19027424,Jompers,Men Yellow Angrakha Kurta with Pyjamas,4.1,151,2199,66.0,INR,kurta-sets,1451.3400000000001,619.0999999999999
19027432,Jompers,Men Peach-Coloured Ethnic Motifs Embroidered Chikankari Dupion Silk Kurta with Pyjamas,4.4,35,2999,63.0,INR,kurta-sets,1889.3700000000001,154.0
15189724,VASTRAMAY,Boys Gold-Toned Solid Silk Blend Regular Kurta With Pyjamas,4.2,62,1799,59.0,INR,kurta-sets,1061.4099999999999,260.40000000000003
19027420,Jompers,Men Black Embroidered Mirror Work Kurta with Pyjamas,4.0,10,3499,75.0,INR,kurta-sets,2624.25,40.0
14325388,Anouk,Women Peach-Coloured Pure Cotton Ethnic Motifs Print Pleated Kurta with Palazzos,4.1,99,2899,0.0,INR,kurta-sets,0.0,405.9
17090208,Anouk,Women Maroon Solid V-Neck Straight Kurta with Trousers,4.3,100,3399,0.0,INR,kurta-sets,0.0,430.0
13446422,Biba,Women Cream-Coloured Motifs Print Panelled Cotton Kurta with Churidar & Dupatta,4.4,749,4995,50.0,INR,kurta-sets,2497.5,3295.6000000000004
22198236,MALHAAR,Geometric Print Mandarin Collar Top,3.7,6,2299,75.0,INR,kurtis,1724.25,22.200000000000003
2184914,SUGAR,Smudge Me Not Liquid Matte Lipstick with Vitamin E 4.5 ml - Greige Rage 11,4.3,76,499,13.0,INR,lipstick,64.87,326.8
16873660,Peter England,Men Maroon Cotton Track suits,3.9,22,1049,0.0,INR,lounge-pants,0.0,85.8
18273822,Dreamz by Pantaloons,Women Grey & White Striped Cotton Lounge Shorts,4.5,15,499,2.0,INR,lounge-shorts,9.98,67.5
13478370,Jack & Jones,Men Navy Blue Solid Polo Collar Lounge T-shirt,3.7,10,1199,10.0,INR,lounge-tshirts,119.9,37.0
22492614,U.S. Polo Assn.,Men Brand Logo Printed Pure Cotton Lightweight Lounge T-Shirt,4.2,19,699,5.0,INR,lounge-tshirts,34.95,79.8
13428018,ETC,Women Brown & Navy Blue Pure Cotton Striped Lounge T-Shirt,4.3,189,799,70.0,INR,lounge-tshirts,559.3,812.6999999999999
19235554,ANNA CREATIONS,Gold-Plated Gold-Toned & Beaded A-Alphabet  Mangalsutra,3.8,16,899,0.0,INR,mangalsutra,0.0,60.8
15898082,Bailey sells,Blue Printed Maxi Nightdress,4.6,5,1450,52.0,INR,nightdress,754.0,23.0
22721938,Sweet Dreams,Khaki Floral Printed Pure Cotton Maxi Nightdress,4.8,5,999,40.0,INR,nightdress,399.6,24.0
17832728,Dreamz by Pantaloons,Typography Printed T-shirt Nightdress,4.9,12,699,47.0,INR,nightdress,328.53,58.800000000000004
20441812,Kanvin,Women Black Solid Maxi Nightdress,3.6,5,2499,50.0,INR,nightdress,1249.5,18.0
17288308,KID1,Girls Navy Blue & Pink Printed Pure Cotton Night suit,4.0,16,1499,40.0,INR,night-suits,599.6,64.0
18209958,Sweet Dreams,Men Black Solid Casual Night suit,4.1,13,2099,44.0,INR,night-suits,923.5600000000001,53.3
15973760,Zoom Minimondo,Unisex Kids Magenta & Blue Pure Cotton Night suit,4.8,10,1299,69.0,INR,night-suits,896.31,48.0
16512022,MASQ,Men Pack Of 3 Solid 4-Ply Reusable Pure Cotton Cloth Masks,4.5,35,447,50.0,INR,outdoor-masks,223.5,157.5
17359602,Swiss Design,Pack Of 20 Assorted 5-Ply Anti-Pollution N95 Masks,3.0,2,1500,85.0,INR,outdoor-masks,1275.0,6.0
15749326,W,Women Maroon Solid Crinkled Effect Cropped Ethnic Pure Cotton Palazzos,3.6,24,1499,65.0,INR,palazzos,974.35,86.4
17309754,Clora Creation,Women Red Rayon Palazzos,3.9,61,899,45.0,INR,palazzos,404.55,237.9
17361920,Indo Era,Women Navy Blue Solid Straight Palazzos,4.2,23,1799,69.0,INR,palazzos,1241.31,96.60000000000001
17307424,Clora Creation,Women Set of 2 Multi Palazzos,4.0,3,2399,59.0,INR,palazzos,1415.4099999999999,12.0
17321108,TAG 7,Women Maroon Hem Design Flared Fit Palazzos,3.6,19,1579,65.0,INR,palazzos,1026.3500000000001,68.4
17288460,Cutiekins,Girls Off White Solid Knitted Linen Palazzos,4.2,26,1099,59.0,INR,palazzos,648.41,109.2
17309774,Clora Creation,Women Pack Of 2 Navy Blue & White Knitted Palazzos,3.8,6,1999,60.0,INR,palazzos,1199.3999999999999,22.799999999999997
15114984,Go Colors,Women White Ethnic Palazzos,4.0,53,899,0.0,INR,palazzos,0.0,212.0
15782402,BEARDO,Beardo Set of God Father & Dark Side Eau De Parfum 100 ml Each,4.4,153,2700,68.0,INR,perfume-and-body-mist,1836.0000000000002,673.2
15715190,Salona Bichona,Set Of 2 White & Pink Floral Printed Pure Cotton Pillow Covers,3.7,12,499,50.0,INR,pillow-covers,249.5,44.400000000000006
15720606,Rubans,Gold-Plated Contemporary Boho Finger Ring,3.5,6,1890,74.0,INR,ring,1398.6,21.0
15294314,Zaveri Pearls,Set of 2 Rose Gold Plated CZ-Studded Contemporary Rings,4.4,27,1995,82.0,INR,ring,1635.8999999999999,118.80000000000001
16254760,Zaveri Pearls,Set Of 3 Gold-Plated White & Green Kundan-Studded & Beaded Meenakari Finger Rings,4.2,504,2250,81.0,INR,ring,1822.5000000000002,2116.8
10018911,SEJ by Nisha Gupta,Multicoloured Printed Table Runner,4.5,13,1849,70.0,INR,runners,1294.3,58.5
15679734,John Karsun,Men Black Comfort Sandals,2.7,10,3649,81.0,INR,sandals,2955.69,27.0
10044165,Coolers,Men Black Solid Sandals,4.2,18,799,0.0,INR,sandals,0.0,75.60000000000001
17696210,Yellow Bee,Boys White & Black Comfort Sandals,4.0,15,499,15.0,INR,sandals,74.85,60.0
12932560,Eego Italy,Men Tan Brown Shoe-Style Sandals,3.5,6,2999,67.0,INR,sandals,2009.3300000000002,21.0
19183770,Crocs,Unisex Multicoloured Classic Spray Dye Croslite Clogs,4.1,21,3295,20.0,INR,sandals,659.0,86.1
18949542,Red Chief,Men Tan & Black Leather Comfort Sandals,4.3,32,3099,50.0,INR,sandals,1549.5,137.6
15725544,SALWAR STUDIO,Women Navy Blue & Green Printed Padded Cotton Readymade Saree Blouse,4.1,12,3555,49.0,INR,saree-blouse,1741.95,49.199999999999996
14654046,SALWAR STUDIO,Women Silver-Coloured Embroidered Readymade Saree Blouse,4.4,12,4995,56.0,INR,saree-blouse,2797.2000000000003,52.800000000000004
19698082,Mitera,Women Cream-Coloured & Green Floral Silk Blend Banarasi Saree,3.5,6,2599,68.0,INR,sarees,1767.3200000000002,21.0
17314272,Saree mall,Mint Green & Gold Solid Linen Blend Taant Sarees,3.4,12,4799,73.0,INR,sarees,3503.27,40.8
21425266,Satrani,Woven Design Zari Banarasi Saree,3.6,242,4699,74.0,INR,sarees,3477.2599999999998,871.2
18462146,KALINI,Women Navy Blue Sarees,3.4,10,1599,60.0,INR,sarees,959.4,34.0
18465340,Silk Land,Beige & Orange Floral Printed Pure Cotton Jamdani Saree,4.1,15,4125,70.0,INR,sarees,2887.5,61.49999999999999
17292364,Mitera,Mustard & Gold-Toned Striped Zari Leheriya Saree,4.0,18,4199,76.0,INR,sarees,3191.2400000000002,72.0
17292330,Mitera,Maroon & Beige Floral Pochampally Saree,3.8,11,4599,76.0,INR,sarees,3495.2400000000002,41.8
16287654,Saree mall,Navy Blue Floral Linen Blend Banarasi Saree,4.1,359,4099,75.0,INR,sarees,3074.25,1471.8999999999999
16287830,Saree mall,Black Floral Linen Blend Banarasi Saree,4.2,12,4099,76.0,INR,sarees,3115.2400000000002,50.400000000000006
16287764,Saree mall,Purple Silk Cotton Banarasi Saree,4.1,129,4799,72.0,INR,sarees,3455.2799999999997,528.9
14975360,KALINI,Yellow & Green Ethnic Motifs Fusion Saree,3.9,1194,2396,75.0,INR,sarees,1797.0,4656.599999999999
19823504,VAIRAGEE,Black Embellished Sequinned Celebrity Saree,4.2,19,9995,83.0,INR,sarees,8295.85,79.8
16293500,BELLEZIYA,Women Blue & White Printed Scarf,4.3,3,1249,65.0,INR,scarves,811.85,12.899999999999999
16293432,BELLEZIYA,Women Blue & White Tie & Dye Dyed Scarf,4.7,6,1499,65.0,INR,scarves,974.35,28.200000000000003
14487194,Lotus Botanicals,Ginger Root Dandruff-Control Shampoo with Tea Tree Oil 300 ml,4.0,45,495,50.0,INR,shampoo-and-conditioner,247.5,180.0
14472340,Earth Rhythm,Milk Protein Shampoo Bar  80g,4.1,21,379,25.0,INR,shampoo-and-conditioner,94.75,86.1
16779444,FIXDERMA COSMETIC LABORATORIES,Women Strengthening Hair Conditioner - 300ml,4.8,5,1250,0.0,INR,shampoo-and-conditioner,0.0,24.0
15880308,Sirona,Aloevera Post Shave Gel & Twin Blade Disposable Razor Combo,4.9,7,294,3.0,INR,shaving-essentials,8.82,34.300000000000004
17332192,KISAH,Men Beige & Green Woven-Design Sherwani Set,4.3,3,13099,62.0,INR,sherwani,8121.38,12.899999999999999
17332220,KISAH,Men Cream-coloured & Grey Printed Cotton Sherwani Set,3.8,8,16199,61.0,INR,sherwani,9881.39,30.4
18719236,SPYKAR,Men Blue Slim Fit Faded Casual Shirt,2.9,12,2999,50.0,INR,shirts,1499.5,34.8
18960048,The Indian Garage Co,Men White & Beige Striped Casual Shirt,4.2,128,1749,74.0,INR,shirts,1294.26,537.6
18960188,The Indian Garage Co,Men White & Charcoal Grey Printed Cotton Casual Shirt,4.4,35,1749,74.0,INR,shirts,1294.26,154.0
18960016,The Indian Garage Co,Men Cream-Coloured Solid Casual Shirt,4.0,102,1749,74.0,INR,shirts,1294.26,408.0
18996778,U.S. Polo Assn.,U S Polo Assn Men Blue Gingham Checks Patch Pocket Checked Casual Shirt,4.2,10,2599,50.0,INR,shirts,1299.5,42.0
18996772,U.S. Polo Assn.,U S Polo Assn Men Coral and Blue Striped 100% Cotton Casual Shirt,4.9,10,2799,50.0,INR,shirts,1399.5,49.0
18960086,The Indian Garage Co,Men Green Slim Fit Horizontal Stripes Casual Shirt,4.5,23,1749,72.0,INR,shirts,1259.28,103.5
18960098,The Indian Garage Co,Men Black & White Printed Casual Cotton Shirt,3.8,5,1749,76.0,INR,shirts,1329.24,19.0
18971858,Sztori,Men Plus Size Printed Casual Shirt,4.0,43,2699,74.0,INR,shirts,1997.26,172.0
17304036,SPYKAR,Men Red and Navy Blue Tartan Checked Pure Cotton Slim Fit Casual Shirt,4.0,26,2199,60.0,INR,shirts,1319.3999999999999,104.0
17377642,Roadster,The  Lifestyle Co Men Navy Blue Checked Pure Cotton Casual Shirt,4.0,94,1499,50.0,INR,shirts,749.5,376.0
18463946,Lee,Men Pink Slim Fit Tartan Checks Checked Casual Shirt,4.5,15,2399,50.0,INR,shirts,1199.5,67.5
13621622,U.S. Polo Assn.,Men Blue Regular Fit Printed Casual Shirt,4.4,41,2399,0.0,INR,shirts,0.0,180.4
13480184,Flying Machine,Men White & Grey Regular Fit Printed Casual Shirt,3.7,25,1699,0.0,INR,shirts,0.0,92.5
17719808,Louis Philippe Jeans,Men Green & White Slim Fit Tartan Checked Pure Cotton Casual Shirt,4.5,18,2199,31.0,INR,shirts,681.6899999999999,81.0
18759238,HERE&NOW,Women Yellow And Black Polka Dot Printed Casual Shirt,4.3,32,1399,47.0,INR,shirts,657.53,137.6
20394602,Cantabil,Men Black Solid Cotton Formal Shirt,4.4,38,1999,60.0,INR,shirts,1199.3999999999999,167.20000000000002
13672974,WROGN,Men White & Red Regular Fit Checked Casual Shirt,4.1,250,2599,55.0,INR,shirts,1429.45,1025.0
13694492,Ecentric,Men Cream-Coloured Slim Fit Eco-Friendly Hemp Casual Sustainable Shirt,4.5,22,2499,35.0,INR,shirts,874.65,99.0
21388884,French Connection,Slim Fit Striped Cotton Casual Shirt,4.3,58,2199,70.0,INR,shirts,1539.3,249.39999999999998
13681812,Ecentric,Men Blue Slim Fit Solid Eco-Friendly Hemp Casual Sustainable Shirt,4.0,5,2499,35.0,INR,shirts,874.65,20.0
21396820,Jack & Jones,Men Slim Fit Printed Casual Shirt,4.4,15,3499,65.0,INR,shirts,2274.35,66.0
16042682,Nautica,Men Navy Blue Printed Casual Shirt,4.2,15,3599,50.0,INR,shirts,1799.5,63.0
14519404,The Indian Garage Co,Men Khaki Casual Shirt,3.9,117,1749,74.0,INR,shirts,1294.26,456.3
18996754,U.S. Polo Assn.,U S Polo Assn Men Brown Tartan Checks Checked Pure Cotton Casual Shirt,4.1,9,2599,50.0,INR,shirts,1299.5,36.9
18927466,U.S. Polo Assn.,U S Polo Assn Men Blue Casual Shirt,4.0,69,2299,50.0,INR,shirts,1149.5,276.0
17296250,CAVIO,Boys Green & Black Colourblocked Casual Shirt,4.3,20,1290,33.0,INR,shirts,425.70000000000005,86.0
17280264,HIGHLANDER,Men Sea Green & Pink Slim Fit Printed Cotton Casual Shirt,4.2,1246,1199,59.0,INR,shirts,707.41,5233.2
17355950,Mast & Harbour,Men Coral Orange Solid Pure Cotton Casual Shirt,4.0,78,1999,74.0,INR,shirts,1479.26,312.0
17313694,JAINISH,Men Coral Solid Classic Cotton Formal Shirt,3.0,5,1999,71.0,INR,shirts,1419.29,15.0
17356740,Mast & Harbour,Men Navy Blue Pure Cotton Striped Casual Shirt,3.9,99,1899,73.0,INR,shirts,1386.27,386.09999999999997
17363588,JAINISH,Men Navy Blue & White Printed Formal Shirt,3.8,4,1499,70.0,INR,shirts,1049.3,15.2
17307612,Louis Philippe Jeans,Men Blue Slim Fit Checked Casual Cotton Shirt,4.3,23,2199,30.0,INR,shirts,659.6999999999999,98.89999999999999
17345842,JC Collection,Women Blue Abstract Printed Casual Shirt,4.1,12,3499,45.0,INR,shirts,1574.55,49.199999999999996
17322090,JAINISH,Men Grey Classic Pure Cotton Formal Shirt,3.3,18,1399,61.0,INR,shirts,853.39,59.4
17354282,JAINISH,Men Navy Blue Classic Formal Shirt,4.0,23,999,45.0,INR,shirts,449.55,92.0
17278954,KETCH,Men Grey Solid Slim Fit Cotton Casual Shirt,4.0,79,1249,62.0,INR,shirts,774.38,316.0
17289046,Roadster,The  Lifestyle Co. Women Pure Cotton Puff Sleeves Casual Shirt,3.7,23,1699,57.0,INR,shirts,968.43,85.10000000000001
17327438,Dream of Glory Inc,Men Pack Of 2 Black & White Casual Shirt,2.8,6,4398,58.0,INR,shirts,2550.8399999999997,16.799999999999997
17300314,John Pride,Plus Size Olive Green Casual Cotton Shirt,3.8,11,1899,55.0,INR,shirts,1044.45,41.8
17307656,SIMON CARTER LONDON,Men White Slim Fit Floral Printed Casual Shirt,4.6,5,2799,60.0,INR,shirts,1679.3999999999999,23.0
17313630,JAINISH,Men Blue Classic Formal Shirt,4.1,68,1999,71.0,INR,shirts,1419.29,278.79999999999995
17342230,Pepe Jeans,Boys White Printed Casual Shirt,4.3,6,1599,55.0,INR,shirts,879.45,25.799999999999997
17331296,Fabindia,Men Blue Stripes Striped Cotton Casual Shirt,4.4,5,1699,0.0,INR,shirts,0.0,22.0
17345374,Pepe Jeans,Men Blue Printed Cotton Casual Shirt,4.0,34,2499,60.0,INR,shirts,1499.3999999999999,136.0
17355884,Mast & Harbour,Men Green & Navy Blue Checked Pure Cotton Casual Shirt,4.1,167,1999,65.0,INR,shirts,1299.3500000000001,684.6999999999999
17322122,JAINISH,Men Blue & White Classic Printed Formal Shirt,4.0,2,1599,70.0,INR,shirts,1119.3,8.0
17293106,DressBerry,Women Pink & White Slim Fit Floral Printed Casual Shirt,4.2,622,1599,59.0,INR,shirts,943.41,2612.4
17342236,Pepe Jeans,Boys Yellow & Blue Cotton Checked Casual Shirt,4.4,16,1599,55.0,INR,shirts,879.45,70.4
17322136,JAINISH,Men Blue Classic Pure Cotton Formal Shirt,4.0,5,1399,61.0,INR,shirts,853.39,20.0
17375000,ColorPlus,Men Red Printed Casual Shirt,4.5,15,2399,30.0,INR,shirts,719.6999999999999,67.5
17355886,Mast & Harbour,Men Regular Fit Tartan Checks Casual Shirt,3.8,31,1999,75.0,INR,shirts,1499.25,117.8
18045128,Gini and Jony,Boys Blue Classic Floral Printed Casual Shirt,3.5,6,1149,48.0,INR,shirts,551.52,21.0
17289100,Roadster,The  Life Co. Spread Collar Pure Cotton Casual Shirt,4.3,7,1899,55.0,INR,shirts,1044.45,30.099999999999998
17313676,JAINISH,Men Burgundy Classic Smart Slim Fit Formal Shirt,4.0,11,1499,61.0,INR,shirts,914.39,44.0
17302022,Pantaloons Junior,Boys Blue Solid Cotton Casual Shirt,4.4,77,799,14.0,INR,shirts,111.86000000000001,338.8
17313952,KETCH,Men Navy Blue & Red Slim Fit Checked Casual Shirt,3.9,101,999,55.0,INR,shirts,549.45,393.9
17352294,Mast & Harbour,Men Black Solid Slim Fit Cotton Linen Casual Shirt,4.0,195,2099,63.0,INR,shirts,1322.3700000000001,780.0
22326558,Dennis Lingo,Spread Collar Slim Fit Tartan Checked Pure Cotton Casual Shirt,3.3,26,2499,76.0,INR,shirts,1899.24,85.8
18960146,The Indian Garage Co,Men Dusty Pink Printed Casual Cotton Shirt,4.0,61,1749,74.0,INR,shirts,1294.26,244.0
18970712,Tommy Hilfiger,Boys Corduroy Casual Shirt,4.5,10,3299,40.0,INR,shirts,1319.6000000000001,45.0
18960126,The Indian Garage Co,Men Peach-Coloured Printed Casual Cotton Shirt,4.1,21,1749,74.0,INR,shirts,1294.26,86.1
18960118,The Indian Garage Co,Men Rust Orange Floral Print Cotton Casual Shirt,3.9,12,1749,71.0,INR,shirts,1241.79,46.8
18970848,Tommy Hilfiger,Boys Green & Blue Tartan Checks Pure Cotton Casual Shirt,4.6,14,2799,40.0,INR,shirts,1119.6000000000001,64.39999999999999
18969276,Ruhaans,Women Black Classic Casual Shirt,4.1,14,1399,54.0,INR,shirts,755.46,57.39999999999999
18946970,YOVISH,Men Charcoal Smart Slim Fit Casual Shirt,3.8,4,3499,0.0,INR,shirts,0.0,15.2
18959846,bigbanana,Men Olive Green Classic Tartan Checks Casual Plus Size Shirt,3.5,11,2399,62.0,INR,shirts,1487.3799999999999,38.5
13692666,M&H Our Water,Men Blue Sustainable Casual Shirt,3.7,51,1899,50.0,INR,shirts,949.5,188.70000000000002
13692652,M&H Our Water,Men Rust Brown & Off-White Slim Fit Checked Sustainable Casual Shirt,4.2,78,2499,0.0,INR,shirts,0.0,327.6
13768790,Nautica,Men Blue & White Slim Fit Printed Smart Casual Shirt,4.3,40,3299,50.0,INR,shirts,1649.5,172.0
13453254,DENNISON,Men Mauve Smart Slim Fit Solid Cotton Linen Casual Shirt,4.6,7,2199,74.0,INR,shirts,1627.26,32.199999999999996
18450788,Nautica,Men Teal Blue And White Slim Fit Micro Checked Pure Cotton Casual Shirt,4.3,118,4299,0.0,INR,shirts,0.0,507.4
18690268,Dennis Lingo,Men Slim Fit Tropical Casual Shirt,4.6,5,1999,80.0,INR,shirts,1599.2,23.0
13770578,Nautica,Men Blue & Grey Checked Classic Fit Casual Shirt,4.4,53,2799,50.0,INR,shirts,1399.5,233.20000000000002
13675502,Flying Machine,Men Teal Blue & Yellow Regular Fit Checked Casual Shirt,4.1,108,1799,0.0,INR,shirts,0.0,442.79999999999995
18734674,Flying Machine,Men Solid Cotton Linen Casual Shirt,3.9,18,999,50.0,INR,shirts,499.5,70.2
13775106,RARE RABBIT,Men Black Regular Fit Solid Casual Shirt,4.4,63,3299,50.0,INR,shirts,1649.5,277.20000000000005
13470886,Roadster,The  Lifestyle Co Greenturn Women Teal Blue Solid Longline ECOVERO Sustainable Shirt,4.1,203,1399,0.0,INR,shirts,0.0,832.3
13722850,Roadster,X Discovery Adventures Women Olive Green Opaque Casual Shirt,4.4,39,1999,50.0,INR,shirts,999.5,171.60000000000002
13675482,Flying Machine,Men Green & Black Regular Fit Checked Casual Shirt,3.8,44,1799,55.0,INR,shirts,989.45,167.2
18443082,Marks & Spencer,Women Blue & White Pure Cotton Striped Longline Shirt,4.3,19,1999,15.0,INR,shirts,299.84999999999997,81.7
20042586,Flying Machine,Men Off White Standard Slim Fit Printed Pure Cotton Casual Shirt,4.4,140,1799,45.0,INR,shirts,809.5500000000001,616.0
20308616,Arrow,Men Maroon Original Slim Fit Pure Cotton Casual Shirt,4.0,64,2499,50.0,INR,shirts,1249.5,256.0
20009218,Peter England,Men Off White Slim Fit Striped Formal Shirt,3.9,28,2299,30.0,INR,shirts,689.6999999999999,109.2
20308496,Arrow,Men Black Original Slim Fit Pinstripes Opaque Pure Cotton Formal Shirt,4.3,70,2499,0.0,INR,shirts,0.0,301.0
20042696,Flying Machine,Men White Standard Slim Fit Solid Casual Shirt,3.9,102,1999,55.0,INR,shirts,1099.45,397.8
20308670,Arrow,Men Self-Checked Original Slim Fit Formal Shirt,4.7,64,2399,40.0,INR,shirts,959.6,300.8
19999300,Dennis Lingo,Men Navy Blue Slim Fit Tartan Checked Casual Shirt,4.4,16,2499,74.0,INR,shirts,1849.26,70.4
19822716,Oxolloxo,Men Beige Classic Animal Semi Sheer Printed Casual Shirt,2.8,6,1849,64.0,INR,shirts,1183.3600000000001,16.799999999999997
20308620,Arrow,Men Blue Original Slim Fit Grid Tattersall Checks Opaque Pure Cotton Formal Shirt,4.0,59,2499,50.0,INR,shirts,1249.5,236.0
18960194,The Indian Garage Co,Men White Printed Casual Cotton Shirt,3.9,73,1749,72.0,INR,shirts,1259.28,284.7
19276504,Turtle,Men Beige Printed Cotton Slim Fit Casual Shirt,4.7,7,1399,40.0,INR,shirts,559.6,32.9
19299798,Louis Philippe,Men Navy Blue Solid Slim Fit Formal Shirt,4.4,32,2799,0.0,INR,shirts,0.0,140.8
18903374,Levis,Women Blue Pure Cotton Casual Shirt,4.6,168,2599,45.0,INR,shirts,1169.55,772.8
18947596,KASSUALLY,Women Green Slim Fit Denim Outdoor Denim Shorts,4.7,9,1799,67.0,INR,shorts,1205.3300000000002,42.300000000000004
18946864,Cub McPaws,Girls Yellow Printed Shorts,4.5,20,1499,53.0,INR,shorts,794.47,90.0
18921438,Gini and Jony,Boys Black Denim Outdoor Shorts,4.6,28,1599,25.0,INR,shorts,399.75,128.79999999999998
13624708,Nike,Men Black Solid Standard Fit CHALLENGER DRI FIT Running Sports Shorts,4.4,376,1795,0.0,INR,shorts,0.0,1654.4
18645102,DChica,Girls Black Skinny Fit High-Rise Cycling Shorts,4.3,16,599,53.0,INR,shorts,317.47,68.8
13695234,HRX by Hrithik Roshan,"HRX By Hrithik Roshan Women Medieval Blue,Wild Lime,Wet Weather Colourblock Regular Fit Bio-Wash Lifestyle Shorts",4.4,150,1499,30.0,INR,shorts,449.7,660.0
13610026,HRX by Hrithik Roshan,HRX By Hrithik Roshan Men Black Forest & Golden Poppy Colourblock Regular Fit Rapid-Dry Antimicrobial Running Shorts,4.2,84,1899,40.0,INR,shorts,759.6,352.8
14561272,ASICS,Court M 7In   Men Black Solid Mid-Rise Tennis Shorts,5.0,5,2299,50.0,INR,shorts,1149.5,25.0
14494548,CUTECUMBER,Girls Pack Of 2 Printed Mid-Rise Regular Shorts,4.3,11,650,0.0,INR,shorts,0.0,47.3
14496210,CUTECUMBER,Girls Pack of 2 Floral Printed Mid-Rise Regular Shorts,4.6,46,650,0.0,INR,shorts,0.0,211.6
18942852,FITINC,Women Blue Skinny Fit High-Rise Training or Gym Sports Shorts with Antimicrobial Technology,4.4,14,999,55.0,INR,shorts,549.45,61.60000000000001
18650484,CLUB A9,Women Pink Floral Printed Shorts,4.5,14,699,54.0,INR,shorts,377.46000000000004,63.0
19024468,Blackberrys,Men Pure Cotton Printed Slim Fit Shorts,4.1,9,1695,40.0,INR,shorts,678.0,36.9
17333612,UNDER ARMOUR,Women Mustard Yellow Play Up 3.0 Colourblocked Shorts,3.6,10,2499,25.0,INR,shorts,624.75,36.0
17332648,Tommy Hilfiger,Women Red & Navy Blue Printed Chino Shorts,4.7,9,2999,40.0,INR,shorts,1199.6000000000001,42.300000000000004
15177608,HRX by Hrithik Roshan,Boys Green Shorts,4.5,61,1399,30.0,INR,shorts,419.7,274.5
18947600,KASSUALLY,Women White Printed Slim Fit High-Rise Denim Outdoor Hot Pants Shorts,4.7,38,1899,66.0,INR,shorts,1253.3400000000001,178.6
18658050,Allen Solly,Men Brown Printed Slim Fit Shorts,4.6,13,1799,40.0,INR,shorts,719.6,59.8
13572038,Shae by SASSAFRAS,Women Green & Red Pure Cotton Printed Maxi Tiered Skirt,4.3,51,1999,60.0,INR,skirts,1199.3999999999999,219.29999999999998
17367638,Berrylush,Navy Blue Self-Design Bling it On Skirt,4.3,16,1199,26.0,INR,skirts,311.74,68.8
17306258,Purple Feather,Women Solid Midi Pencil Skirt,4.2,81,1499,71.0,INR,skirts,1064.29,340.2
17332132,Mayra,Women Pink Solid Accordion Pleated Flared Maxi Skirt,3.8,13,1895,70.0,INR,skirts,1326.5,49.4
17367634,Berrylush,Black Animal Printed Wrap it Up Skirt,4.3,43,1399,74.0,INR,skirts,1035.26,184.9
17745816,Lancer,Men Navy Blue Textile Running Non-Marking Shoes,4.0,6,1999,40.0,INR,sports-shoes,799.6,24.0
17631178,Slazenger,Men White Woven Design Walking Shoes,3.7,127,3599,0.0,INR,sports-shoes,0.0,469.90000000000003
13686682,Campus,Women White Mesh Walking Shoes,4.1,452,799,6.0,INR,sports-shoes,47.94,1853.1999999999998
14480064,AfroJack,Men Black Textile Long Distance Running Non-Marking Shoes,3.1,46,3995,80.0,INR,sports-shoes,3196.0,142.6
10667394,Campus,Men Navy Blue Mesh Madrid Running Shoes,4.1,35,1499,37.0,INR,sports-shoes,554.63,143.5
20071104,ADIDAS,Men Striped Amalgo M Running Shoes,4.5,149,4299,0.0,INR,sports-shoes,0.0,670.5
20072084,ADIDAS,Women Woven Design Runfalcon 3.0 Running Shoes,4.1,22,5999,0.0,INR,sports-shoes,0.0,90.19999999999999
20071622,ADIDAS,Men Woven Design Znchill Running Shoes,3.2,21,11999,0.0,INR,sports-shoes,0.0,67.2
20071558,ADIDAS,Men Striped Pep Run M Running Shoes,4.1,231,3599,0.0,INR,sports-shoes,0.0,947.0999999999999
20071402,ADIDAS,Men Rokr Trail Trekking Shoes,4.5,149,4599,0.0,INR,sports-shoes,0.0,670.5
20070948,ADIDAS,Men Hitrail Mid WPN Trekking Shoes,4.1,52,5999,0.0,INR,sports-shoes,0.0,213.2
20070966,ADIDAS,Men Colourblocked Hikelacer Trekking Shoes,4.2,36,4799,0.0,INR,sports-shoes,0.0,151.20000000000002
20075460,UCLA,Men Olive Green Mesh Walking Non-Marking Shoes,3.7,3,4199,74.0,INR,sports-shoes,3107.2599999999998,11.100000000000001
20071236,ADIDAS,Unisex Printed Predator Accuracy.4 Football Shoes,4.3,57,5299,0.0,INR,sports-shoes,0.0,245.1
22054912,UNDER ARMOUR,Men Woven Design HOVR Infinite 4 Running Shoes,3.9,18,13499,0.0,INR,sports-shoes,0.0,70.2
14208408,TRASE,Boys Navy Blue & White Sand-I Running Shoes,4.2,20,999,0.0,INR,sports-shoes,0.0,84.0
11441718,Duke,Men Black & Red Woven Design Running Shoes,4.2,50,2695,75.0,INR,sports-shoes,2021.25,210.0
19324484,ELEVAR,Men ARC RACER All Purpose Sports Shoes,3.7,6,6490,0.0,INR,sports-shoes,0.0,22.200000000000003
11627996,Yuuki,Men Black Mesh Running Shoes,4.2,56,2999,67.0,INR,sports-shoes,2009.3300000000002,235.20000000000002
11963938,FAUSTO,Men Grey Mesh Walking Shoes,3.9,8,899,1.0,INR,sports-shoes,8.99,31.2
19334944,ELEVAR,Men Black FLYBOLT Running Sports Shoes,3.2,11,5490,0.0,INR,sports-shoes,0.0,35.2
11986876,FAUSTO,Men Blue Mesh Walking Shoes,4.3,9,899,1.0,INR,sports-shoes,8.99,38.699999999999996
19334760,ELEVAR,Women Grey HYPERFLO Training & Gym Sports Shoes,3.0,4,5490,0.0,INR,sports-shoes,0.0,12.0
19334942,ELEVAR,Men Grey FLYBOLT Running Sports Shoes,4.3,6,5490,0.0,INR,sports-shoes,0.0,25.799999999999997
13484354,Puma,Women Black Eternity Nitro Running Shoes,4.3,19,12999,0.0,INR,sports-shoes,0.0,81.7
11960808,Campus,Men Navy Blue Running Shoes,4.2,76,1499,56.0,INR,sports-shoes,839.44,319.2
19102564,Puma,Men Fluorescent Green Velocity Nitro 2 Running Shoes,4.3,58,11999,25.0,INR,sports-shoes,2999.75,249.39999999999998
11400234,Yuuki,Men Charcoal Grey Mesh Walking Shoes,3.9,38,2499,72.0,INR,sports-shoes,1799.28,148.2
14323336,TRASE,Women Pink & Yellow Mesh Running Shoes,3.9,23,1299,0.0,INR,sports-shoes,0.0,89.7
19402102,U.S. Polo Assn.,Men Off White CRESK Walking Shoes,4.0,124,4999,50.0,INR,sports-shoes,2499.5,496.0
14208394,TRASE,Boys Black & White Relax-I Running Shoes,4.5,13,999,0.0,INR,sports-shoes,0.0,58.5
16880520,PUMA Hoops,Men Red Triple Mid Basketball Shoes,4.1,24,8999,55.0,INR,sports-shoes,4949.450000000001,98.39999999999999
18356356,Nautica,Men Colourblocked & Woven Design Running Shoes,4.4,109,5499,60.0,INR,sports-shoes,3299.4,479.6
18906230,Skechers,Women Black GO WALK STRETCH FIT-SPECIAL D Shoes,4.5,127,7499,40.0,INR,sports-shoes,2999.6000000000004,571.5
18373464,ADIDAS,Men Black Woven Design Hailcon Running Shoes,4.1,113,3599,0.0,INR,sports-shoes,0.0,463.29999999999995
16824638,Puma,Women Purple Electrify Nitro Turn Running Shoes,4.3,14,9999,50.0,INR,sports-shoes,4999.5,60.199999999999996
18374802,ADIDAS,Women Black Woven Design SL20 X Marimekko Running Shoes,4.5,21,12999,0.0,INR,sports-shoes,0.0,94.5
16824670,Puma,Women Black Run XX Nitro Running Shoes,4.1,31,9999,45.0,INR,sports-shoes,4499.55,127.1
18374200,ADIDAS,Men Black & White Woven Design Ultraboost 5.0 DNA Running Shoes,3.9,15,16999,0.0,INR,sports-shoes,0.0,58.5
18374286,ADIDAS,Men White & Maroon Mickey Mouse Print Grand Court Tennis Shoes,4.2,22,5999,0.0,INR,sports-shoes,0.0,92.4
18382842,WROGN ACTIVE,Men Grey & Orange Woven Design Walking Shoes,3.7,142,3599,60.0,INR,sports-shoes,2159.4,525.4
18373646,ADIDAS,Men Black Woven Design Immute Running Shoes,4.3,319,3799,35.0,INR,sports-shoes,1329.6499999999999,1371.7
18373380,ADIDAS,Men Grey Woven Design Adi Dash Running Shoes,4.2,73,4799,35.0,INR,sports-shoes,1679.6499999999999,306.6
16864474,Puma,Men Orange & White Spike 22.2 Cricket Shoes,5.0,3,6999,20.0,INR,sports-shoes,1399.8000000000002,15.0
18374978,ADIDAS,Women White Solid Courtpoint Tennis Shoes,4.4,94,4999,0.0,INR,sports-shoes,0.0,413.6
18906226,Skechers,Women Black GO WALK 4-ARRAY Shoes,4.4,93,6499,40.0,INR,sports-shoes,2599.6000000000004,409.20000000000005
18374614,ADIDAS,Women Navy Blue & Orange Ultraboost 22 X Marimekko Running Shoes,4.3,11,18999,25.0,INR,sports-shoes,4749.75,47.3
16305908,Campus,Unisex Kids Navy Blue Mesh Running Shoes,4.3,23,1399,10.0,INR,sports-shoes,139.9,98.89999999999999
16279696,Forever Glam by Pantaloons,Women Yellow Textile Running Non-Marking Shoes,4.3,6,1699,38.0,INR,sports-shoes,645.62,25.799999999999997
13072098,Puma,Unisex Grey Orange Flash Running Shoes,4.7,7,4499,45.0,INR,sports-shoes,2024.55,32.9
19298764,Campus,Unisex Kids Yellow Mesh Running Shoes,4.6,71,1299,10.0,INR,sports-shoes,129.9,326.59999999999997
17609480,IDEE,Women Purple Lens & Silver-Toned Square Sunglasses with UV Protected Lens IDS2783C3SG,2.2,5,3480,42.0,INR,sunglasses,1461.6,11.0
18430170,Roadster,The  Lifestyle Co. Women Geometric Self Design Pullover,4.3,64,1499,47.0,INR,sweaters,704.53,275.2
10349091,Monte Carlo,Men Mustard Yellow & Off-White Self Design Sweater,4.6,9,2840,0.0,INR,sweaters,0.0,41.4
20033282,RVK,Women Navy Blue Ribbed Pullover,3.7,3,999,20.0,INR,sweaters,199.8,11.100000000000001
10135715,Mast & Harbour,Women Red Solid Pullover Sweater,4.0,213,1599,68.0,INR,sweaters,1087.3200000000002,852.0
21296678,Marks & Spencer,Women Acrylic Printed Pullover,4.6,22,3999,60.0,INR,sweaters,2399.4,101.19999999999999
20721298,Juniors by Lifestyle,Girls Peach With Embellished Detail Sweater,4.7,9,599,35.0,INR,sweaters,209.64999999999998,42.300000000000004
19432310,Marks & Spencer,Men Teal Blue Solid Pullover,4.2,14,3999,60.0,INR,sweaters,2399.4,58.800000000000004
11843058,MANGO,Women Mustard Yellow Self Design Pullover Sweater,4.3,9,2590,25.0,INR,sweaters,647.5,38.699999999999996
14279418,Harvard,Women White & Navy Blue Striped Pullover,3.9,48,1799,0.0,INR,sweaters,0.0,187.2
14335774,INVICTUS,Men Black Solid Pullover,3.6,205,1699,0.0,INR,sweaters,0.0,738.0
20712132,Trendyol,Women Purple Acrylic Pullover Sweater,4.4,5,3599,10.0,INR,sweaters,359.90000000000003,22.0
11990920,Roadster,Women Pink Self Design Turtle Neck Pullover Sweater,4.3,179,1699,58.0,INR,sweaters,985.42,769.6999999999999
19055422,Monte Carlo,Women Black Cardigan,4.2,18,2080,40.0,INR,sweaters,832.0,75.60000000000001
14280312,Harvard,Men Burgundy Solid Pullover Sweater,3.9,175,1999,0.0,INR,sweaters,0.0,682.5
19432716,Marks & Spencer,Men Navy Blue & Brown Pure Cotton Geometric Self Design Pullover,3.9,9,2999,60.0,INR,sweaters,1799.3999999999999,35.1
14335776,INVICTUS,Men Olive Green Cable Knit Pullover,4.0,345,2199,35.0,INR,sweaters,769.65,1380.0
11990978,Roadster,Women Red & Grey Melange Abstract Self Design Pullover Sweater,4.4,302,1999,61.0,INR,sweaters,1219.3899999999999,1328.8000000000002
11972948,Mast & Harbour,Men Navy Blue & Grey Melange Colourblocked Pullover,4.1,213,1599,0.0,INR,sweaters,0.0,873.3
11990952,Roadster,Women Red Ribbed Pullover Sweater,4.3,449,1699,61.0,INR,sweaters,1036.3899999999999,1930.6999999999998
14280306,Harvard,Men Olive Green & Blue Striped Pullover Sweater,3.7,72,2399,0.0,INR,sweaters,0.0,266.40000000000003
14280286,Harvard,Men Grey Melange Acrylic Chevron Pattern Pullover,3.3,54,1999,0.0,INR,sweaters,0.0,178.2
14279412,Harvard,Women Grey Extended Sleeve Pullover,4.2,47,1899,61.0,INR,sweaters,1158.3899999999999,197.4
18241626,Roadster,The  Lifestyle Co. Women Maroon & Black Ribbed Acrylic Sweater,4.5,25,1699,62.0,INR,sweaters,1053.3799999999999,112.5
18241400,Roadster,Women Black & White Geometric Pullover Sweater,3.8,57,2699,5.0,INR,sweaters,134.95000000000002,216.6
18241644,Roadster,The  Lifestyle Co. Women Pink Acrylic Pullover,4.3,55,1999,62.0,INR,sweaters,1239.3799999999999,236.5
18240570,all about you,Women Navy Blue & Red Checked Pullover,4.3,53,2499,65.0,INR,sweaters,1624.3500000000001,227.89999999999998
18240582,all about you,Women Maroon Cable Knit Pullover,4.4,39,2499,65.0,INR,sweaters,1624.3500000000001,171.60000000000002
18337610,Roadster,Men Navy Blue Self-Striped Cardigan,4.3,32,2299,67.0,INR,sweaters,1540.3300000000002,137.6
18240902,Mr Bowerbird,Men Solid Pullover,4.0,31,3299,64.0,INR,sweaters,2111.36,124.0
18260060,Mast & Harbour,Men Navy Blue Self Design Front-Open Sweater,3.7,48,2099,61.0,INR,sweaters,1280.3899999999999,177.60000000000002
18241294,Roadster,Women Lavender & Off White Striped Pullover,4.3,90,1699,5.0,INR,sweaters,84.95,387.0
18180102,INVICTUS,Men Navy Blue & White Striped Acrylic Pullover,4.0,45,1698,35.0,INR,sweaters,594.3,180.0
18241298,Roadster,The  Lifestyle Co. Women Lavender Self-Design Acrylic Sweater,4.3,59,1999,70.0,INR,sweaters,1399.3,253.7
18260104,Mast & Harbour,Men Black Solid Cardigan,4.5,62,2399,66.0,INR,sweaters,1583.3400000000001,279.0
18820948,Tommy Hilfiger,Men White Printed Organic Cotton Sweatshirt,4.3,24,5599,40.0,INR,sweatshirts,2239.6,103.19999999999999
18929536,Mast & Harbour,Men Printed Hooded Sweatshirt,3.6,95,1999,0.0,INR,sweatshirts,0.0,342.0
17156676,Thomas Scott,Men Green  Sustainable Sweatshirt,3.6,20,4799,85.0,INR,sweatshirts,4079.15,72.0
18825046,Tommy Hilfiger,Men Red Printed Hooded Organic Cotton Sweatshirt,4.2,29,4599,40.0,INR,sweatshirts,1839.6000000000001,121.80000000000001
17157846,Thomas Scott,Men Blue  Sustainable Sweatshirt,3.5,10,3999,82.0,INR,sweatshirts,3279.18,35.0
18825174,Tommy Hilfiger,Men Off White Applique Sweatshirt,3.2,20,5599,40.0,INR,sweatshirts,2239.6,64.0
18929548,Mast & Harbour,Men Mint GreenGraphic Printed Sweatshirt,4.4,79,1599,52.0,INR,sweatshirts,831.48,347.6
9867517,ether,Men Green Solid Hooded Sweatshirt,4.1,416,1299,50.0,INR,sweatshirts,649.5,1705.6
6510138,Roadster,Men Black Solid Hooded Sweatshirt,4.3,959,1999,50.0,INR,sweatshirts,999.5,4123.7
18071360,ether,Men Olive Green Solid Hooded Sweatshirt,4.2,84,1399,0.0,INR,sweatshirts,0.0,352.8
18825178,Tommy Hilfiger,Men White Brand Logo Printed Hooded Pure Cotton Sweatshirt,4.3,37,4999,40.0,INR,sweatshirts,1999.6000000000001,159.1
18830500,White Snow,Girls Beige Heart Printed Hooded Sweatshirt,4.2,10,1599,60.0,INR,sweatshirts,959.4,42.0
9656079,Sztori,Plus Size Men Olive Green  Black Striped Hooded Sweatshirt,4.2,294,2499,50.0,INR,sweatshirts,1249.5,1234.8
20389784,SPYKAR,Men Pink Printed Full Sleeve Hooded Sweatshirt,4.6,9,2999,55.0,INR,sweatshirts,1649.45,41.4
18820780,Tommy Hilfiger,Men Black Brand Logo Embroidered Round Neck Solid Sweatshirt,4.0,35,4999,40.0,INR,sweatshirts,1999.6000000000001,140.0
18820580,Tommy Hilfiger,Men Navy Blue Solid Hooded Sweatshirt,4.2,33,5599,40.0,INR,sweatshirts,2239.6,138.6
20389690,max,Women Black Printed Sweatshirt,4.0,8,699,20.0,INR,sweatshirts,139.8,32.0
10388101,Allen Solly Woman,Women Black Solid Sweatshirt,4.5,4,1799,50.0,INR,sweatshirts,899.5,18.0
18723286,Allen Solly Junior,Boys Yellow Spiderman Printed Pure Cotton Sweatshirt,3.7,7,1699,50.0,INR,sweatshirts,849.5,25.900000000000002
17121312,Marks & Spencer,Women Black Solid Bikini Top T527897BBLACK,4.5,30,2499,60.0,INR,swim-tops,1499.3999999999999,135.0
17844560,DREAM WEAVERZ,Black Wooden Finish Center Table Cover,4.1,7,999,50.0,INR,table-covers,499.5,28.699999999999996
1605539,Kanvin,Beige Thermal Semi-Long Leggings,4.0,76,799,23.0,INR,thermal-bottoms,183.77,304.0
17634528,Sweet Dreams,Women Red Solid Tights,3.5,20,749,19.0,INR,tights,142.31,70.0
18937628,her by invictus,Printed A-Line Top,4.2,29,1398,66.0,INR,tops,922.6800000000001,121.80000000000001
18990292,HILL STREET,Women Fluorescent Green Solid Pure Cotton Tank Crop Top,4.5,15,1699,65.0,INR,tops,1104.3500000000001,67.5
18972748,Zink London,Yellow Geometric Print Top,4.3,7,1499,65.0,INR,tops,974.35,30.099999999999998
18904492,Levis,Women Sage Green Self Design Slim Fit Regular Top,4.4,50,2099,20.0,INR,tops,419.8,220.00000000000003
13583566,Chemistry,Navy Blue Regular Top with Embroidered Detail,4.5,20,1499,0.0,INR,tops,0.0,90.0
18551958,SHECZZAR,Women White & Black Striped Georgette Top,3.8,6,799,53.0,INR,tops,423.47,22.799999999999997
13466462,Global Desi,Pink Geometric Printed Slit Sleeves A-line Top,3.4,11,1599,80.0,INR,tops,1279.2,37.4
13611204,Roadster,The  Lifestyle Co Pink Open Knit Crochet Knit Blouson Top,4.2,266,1889,58.0,INR,tops,1095.62,1117.2
18657642,max,Coral Tie-Up Neck Extended Sleeves Top,4.5,6,399,10.0,INR,tops,39.900000000000006,27.0
13611420,Roadster,The  Lifestyle Co Mustard Yellow Extended Sleeves Regular Top,3.8,61,1499,47.0,INR,tops,704.53,231.79999999999998
13573344,Roadster,The  Lifestyle Co Black Solid Pure Cotton Regular Top,4.0,280,699,0.0,INR,tops,0.0,1120.0
13616586,MAGRE,Magre Women Red & Black Printed Puff Sleeves Gathered Bralette Crop Top,3.9,16,1590,60.0,INR,tops,954.0,62.4
20222156,CODE by Lifestyle,Solid V-Neck Top,4.1,47,799,30.0,INR,tops,239.7,192.7
20405594,AAHWAN,White Bralette Crop Top,3.2,166,999,50.0,INR,tops,499.5,531.2
20222142,CODE by Lifestyle,Solid Cotton Puff Sleeves Top,4.5,40,499,25.0,INR,tops,124.75,180.0
20092320,Forever New,Women Black Solid Keyhole Neck Top,4.4,26,3200,65.0,INR,tops,2080.0,114.4
20222144,CODE by Lifestyle,Self Design Top,4.0,10,1599,40.0,INR,tops,639.6,40.0
14538300,Friskers,Grey Tank Top,4.0,10,499,24.0,INR,tops,119.75999999999999,40.0
22151840,FabAlley,Bell Sleeves A-Line Top,3.6,27,1800,40.0,INR,tops,720.0,97.2
18601474,BUY NEW TREND,Maroon Self Design Sequined Regular Top,3.0,5,1399,39.0,INR,tops,545.61,15.0
18478530,Paralians,White Print  peplum Top,3.7,454,999,50.0,INR,tops,499.5,1679.8000000000002
18639246,Jockey,Women Red Sleeveless Solid Tank Top,4.5,139,329,0.0,INR,tops,0.0,625.5
18389746,Ginger by Lifestyle,Blue Ribbed Top,3.9,15,499,20.0,INR,tops,99.80000000000001,58.5
17763368,Honey by Pantaloons,Off White Sweetheart Neck Crop Top,4.0,7,1299,58.0,INR,tops,753.42,28.0
17628058,Maishi,Black Cotton Slub Regular Top,4.6,7,1599,64.0,INR,tops,1023.36,32.199999999999996
17628394,ONLY,Women Yellow V-Neck Boxy Crop Top,4.2,25,2499,65.0,INR,tops,1624.3500000000001,105.0
4441374,Mayra,Women White Solid Top,3.5,24,1095,70.0,INR,tops,766.5,84.0
17178948,FOREVER 21,Women Grey Solid Cloud Wash Crop Cotton Tank Top,4.4,11,1049,50.0,INR,tops,524.5,48.400000000000006
17132266,Athena,Women Attractive Lime Green Solid Halter Neck Top,3.7,10,1499,64.0,INR,tops,959.36,37.0
19017874,DressBerry,Ribbed Fitted Top,3.3,125,1099,65.0,INR,tops,714.35,412.5
17108782,DressBerry,Women Brown Solid Wrap Crop Top,3.6,78,1299,65.0,INR,tops,844.35,280.8
17108574,4WRD by Dressberry,Black Solid Noughties Spaghetti Top,4.2,68,1199,64.0,INR,tops,767.36,285.6
17253026,Athena,Green Floral Print Blouson Top,3.9,113,1699,70.0,INR,tops,1189.3,440.7
22649882,IUGA,Notched Neck Short Sleeves Crop Top,3.0,6,1299,57.0,INR,tops,740.43,18.0
2511559,Disney by Wear Your Mind,Girls Pack of 2 Printed Tops,3.5,14,1998,0.0,INR,tops,0.0,49.0
18879656,MANGO,Women Pink Solid Top,4.3,165,1990,37.0,INR,tops,736.3,709.5
18626976,ONLY,Pink & Blue Floral Print Crop Top,4.2,78,2299,65.0,INR,tops,1494.3500000000001,327.6
19018090,DressBerry,Burgundy Pure Cotton Solid Top,4.1,102,799,0.0,INR,tops,0.0,418.2
18972770,Zink London,Coral Solid Puff Sleeve Regular Top With Cut Out,3.3,11,1299,65.0,INR,tops,844.35,36.3
17121092,Marks & Spencer,Women White & Peach-Coloured Linen Checked Wrap Top,4.0,16,2999,60.0,INR,tops,1799.3999999999999,64.0
19018146,DressBerry,Women Green Solid Scoop Neck Fitted Top,4.0,110,899,56.0,INR,tops,503.44000000000005,440.0
17268524,H&M,Women Brown Halter Neck Cropped Top,4.4,203,699,25.0,INR,tops,174.75,893.2
18854764,KAMI KUBI,Olive Green Striped Top,5.0,4,1299,62.0,INR,tops,805.38,20.0
18904472,Levis,Off White Mandarin Collar High Low Shirt Style Top,4.4,44,2299,57.0,INR,tops,1310.4299999999998,193.60000000000002
17124636,H&M,Women Grey Pure Cotton Cropped Top,3.7,25,799,25.0,INR,tops,199.75,92.5
17255462,NEUDIS,Women Satin Green Embillished Solid A-Line Top,4.3,71,1499,54.0,INR,tops,809.46,305.3
17120826,Hancock,Maroon & Navy Blue Checked Mandarin Collar Top,4.1,52,1999,60.0,INR,tops,1199.3999999999999,213.2
18998684,KALINI,Blue & legion blue Floral Print Indigo Shoulder Strap Peplum Top,3.3,20,1999,5.0,INR,tops,99.95,66.0
18814970,Berrylush,Maroon Solid Resort Wear Top,4.6,75,1299,62.0,INR,tops,805.38,345.0
18980478,DEBONATELLA,White Print Ruffles Crepe Top,3.0,2,600,26.0,INR,tops,156.0,6.0
17270406,Mafadeny,Grey Shirt Style Top,3.3,3,1649,50.0,INR,tops,824.5,9.899999999999999
18900376,DressBerry,Coffee Brown Pure Cotton Solid Top,3.7,332,699,0.0,INR,tops,0.0,1228.4
17257582,FableStreet,Blue Pure Cotton Top,4.2,37,1795,45.0,INR,tops,807.75,155.4
17255498,NEUDIS,Beige Keyhole Neck Satin Top,4.1,44,1499,54.0,INR,tops,809.46,180.39999999999998
22747068,Madame,Typography Printed Cotton Shirt Style Top,4.0,5,1399,60.0,INR,tops,839.4,20.0
19017944,DressBerry,Rust Tank Top,4.1,94,799,0.0,INR,tops,0.0,385.4
17114132,HERE&NOW,Women Black Fitted Crop Top,4.1,51,999,0.0,INR,tops,0.0,209.1
18948348,Madame,Navy Blue Print Crop Top,4.2,11,1899,60.0,INR,tops,1139.3999999999999,46.2
17255876,Cutiekins,Girls Peach-Coloured Crepe Pleated Top,3.3,10,1099,67.0,INR,tops,736.33,33.0
4380622,Bhama Couture,Women Black Solid Peplum Top,2.9,15,1799,0.0,INR,tops,0.0,43.5
17944580,ONLY,Multicoloured Floral Print Top,4.2,76,2299,65.0,INR,tops,1494.3500000000001,319.2
8330413,ESPRIT,Women Black Printed Shimmery Top,3.3,4,2799,0.0,INR,tops,0.0,13.2
7206166,Mayra,Women Yellow Printed Top,2.4,34,895,70.0,INR,tops,626.5,81.6
9540499,Marie Claire,Women Yellow Printed Top,3.3,31,1499,62.0,INR,tops,929.38,102.3
18944780,Miaz Lifestyle,Pack of 2 Peach-Coloured & Red Tops,2.7,3,1499,58.0,INR,tops,869.42,8.100000000000001
20383782,Chemistry,Solid Pure Cotton Corduroy Top,4.5,17,1299,0.0,INR,tops,0.0,76.5
17889776,CHIMPAAANZEE,White Striped Extended Sleeves Peplum Top,3.9,13,699,47.0,INR,tops,328.53,50.699999999999996
9100721,Globus,Women Black Self Design Semi-Sheer Top,3.6,29,1199,66.0,INR,tops,791.34,104.4
18001072,Harpa,Maroon & White Geometric Print Top,3.9,14,1299,53.0,INR,tops,688.47,54.6
17938374,CODE by Lifestyle,White & Turquoise Blue Floral Print Top,4.4,17,999,30.0,INR,tops,299.7,74.80000000000001
8675767,MANGO,Women Purple & White Printed Top,4.2,15,3490,55.0,INR,tops,1919.5000000000002,63.0
17973634,InWeave,Women Teal Colourblocked Top,4.4,21,2199,75.0,INR,tops,1649.25,92.4
7117598,ONLY,Women Black Solid Top,4.2,40,1499,0.0,INR,tops,0.0,168.0
17950198,PURVAJA,Women Solid Pink Round Neck Leg of Mutton Sleeves Crop Top,3.4,29,2199,81.0,INR,tops,1781.19,98.6
18847712,KALINI,Beige & old moss green Tie-Up Neck Top,4.4,9,1975,70.0,INR,tops,1382.5,39.6
8365569,Nun,Women Navy Blue & White Printed Crop A-Line Top,4.9,14,1495,70.0,INR,tops,1046.5,68.60000000000001
7581747,Annabelle by Pantaloons,Women Blue Printed Top,4.3,50,899,25.0,INR,tops,224.75,215.0
9818669,Globus,Women Pink Solid Top,4.3,8,999,60.0,INR,tops,599.4,34.4
8367605,Berrylush,Women Grey Solid Bardot Top,4.3,93,1290,62.0,INR,tops,799.8,399.9
7183090,Globus,Women Peach-Coloured Printed Top,4.2,29,1299,69.0,INR,tops,896.31,121.80000000000001
9557519,MANGO,Women Yellow Self Design Top,5.0,1,2490,35.0,INR,tops,871.5,5.0
9327149,Belle Fille,Women Grey Melange Solid Crop Top,3.8,4,999,50.0,INR,tops,499.5,15.2
17976710,MANGO,White & Red Pure Cotton Floral Embroidered Top,4.1,36,3590,0.0,INR,tops,0.0,147.6
18780000,Popwings,Yellow & sahara sun Floral Print Chiffon Empire Top,3.7,31,1999,69.0,INR,tops,1379.31,114.7
7033949,ONLY,Women Blue Striped Top,3.9,56,2299,65.0,INR,tops,1494.3500000000001,218.4
7461410,Crimsoune Club,Women Navy Blue Solid High-Low Longline Top,3.6,14,1299,60.0,INR,tops,779.4,50.4
8807033,Flying Machine,Women Blue Printed Pure Cotton Top,3.7,14,799,60.0,INR,tops,479.4,51.800000000000004
17950208,PURVAJA,Pink Solid Crop Top,3.5,20,2199,81.0,INR,tops,1781.19,70.0
14340794,MANGO,Beige Ribbed Fitted Top,4.1,82,2390,27.0,INR,tops,645.3000000000001,336.2
19410570,H&M,Women White Printed Cut-Out Top,4.3,44,1499,25.0,INR,tops,374.75,189.2
11811068,Honey by Pantaloons,Women Pink Floral Printed A-Line Top,4.4,15,999,35.0,INR,tops,349.65,66.0
7829467,Oxolloxo,Red & Black Checked Tie-Up Top,4.0,5,1399,58.0,INR,tops,811.42,20.0
17982570,H&M,Women Brown Lacing-Detail Cut-Out Top,4.5,52,999,25.0,INR,tops,249.75,234.0
8675465,MANGO,Women Black Solid Top,3.3,23,2990,55.0,INR,tops,1644.5000000000002,75.89999999999999
17950338,PURVAJA,Women Peach-Coloured Crop Top,4.2,16,2199,81.0,INR,tops,1781.19,67.2
11876926,AND,Women Blue Printed Top,4.4,57,1999,80.0,INR,tops,1599.2,250.8
11764192,Oxolloxo,Women Silver-Toned Printed Shirt Style Top,3.4,10,1299,60.0,INR,tops,779.4,34.0
11538822,Ajile by Pantaloons,Women Grey Melange Printed Top,4.2,17,599,8.0,INR,tops,47.92,71.4
11878498,DODO & MOA,Women Black Solid Top With Lace Inserts,3.9,9,1290,60.0,INR,tops,774.0,35.1
7326508,MISH,Women Pink Solid Top,4.7,25,1499,45.0,INR,tops,674.5500000000001,117.5
586846,Cation,Women Black Top,4.5,11,899,40.0,INR,tops,359.6,49.5
18000968,Harpa,Women Maroon V-Neck Casual Top,4.4,21,1049,48.0,INR,tops,503.52,92.4
18937522,her by invictus,V-Neck Textured Regular Top,3.9,57,1298,65.0,INR,tops,843.7,222.29999999999998
18962100,Nike,Women Black Brand Logo Printed Dri Fit Top,4.4,72,2495,0.0,INR,tops,0.0,316.8
13748756,Madame,Women Peach-Coloured Self Checked Top,3.6,35,1599,70.0,INR,tops,1119.3,126.0
22568668,V-Mart,High Neck Puff Sleeves Gathered Georgette Top,3.7,30,449,0.0,INR,tops,0.0,111.0
18974594,SPACES,Red & Blue Cotton Towel Set 500 GSM,4.3,16,3799,70.0,INR,towel-set,2659.2999999999997,68.8
18974634,AUSTIVO,Men Navy Blue & White Checked Slim Fit Plus Size Track Pant,4.5,35,1899,60.0,INR,track-pants,1139.3999999999999,157.5
18970176,Allen Solly Junior,Boys Solid Joggers,4.6,30,1599,62.0,INR,track-pants,991.38,138.0
18138806,max,Boys Blue Solid Track Pant,4.6,28,599,20.0,INR,track-pants,119.80000000000001,128.79999999999998
18670518,max,Girls Pink & White Regular Fit Printed Pure Cotton Joggers,4.9,8,599,20.0,INR,track-pants,119.80000000000001,39.2
17628782,Roadster,The  Lifestyle Co. Women Rust Orange Ribbed Wide Leg Belted Track Pants,4.1,81,1999,0.0,INR,track-pants,0.0,332.09999999999997
17628712,Roadster,Women Olive Green Solid High-Rise Slim Fit Joggers,4.3,65,1799,0.0,INR,track-pants,0.0,279.5
18537496,Bannos Swagger,Women Grey Solid Joggers,5.0,5,1699,76.0,INR,track-pants,1291.24,25.0
18970196,Allen Solly Junior,Boys Solid Mid-Rise Sports Joggers With Side Taping & Brand Logo Print,4.3,12,1499,30.0,INR,track-pants,449.7,51.599999999999994
18970104,Allen Solly Junior,Boys Colourblocked Sports Joggers With Side Taping & Brand Logo Print,4.8,14,1499,50.0,INR,track-pants,749.5,67.2
18688608,Nasher Miles,Jaisalmer Textured Large Trolley Bag,3.3,8,17995,85.0,INR,trolley-bag,15295.75,26.4
17663904,Pantaloons Junior,Boys Black Pure Cotton Trousers With Belt,4.6,25,849,22.0,INR,trousers,186.78,114.99999999999999
17760062,H&M,Women Brown Solid Low Waist Flared Twill Trousers,4.2,608,1499,25.0,INR,trousers,374.75,2553.6
17647372,bebe,Women Black Season Staple High-Rise Parallel Trousers,4.2,38,2899,0.0,INR,trousers,0.0,159.6
17760038,H&M,Women Brown Pattern-knit trousers,4.3,128,1299,25.0,INR,trousers,324.75,550.4
22323008,Dennis Lingo,Men Slim Fit Chino Trousers,3.8,5,3099,82.0,INR,trousers,2541.18,19.0
19289426,Van Heusen Woman,Women Olive Green Casual Parallel Trousers,4.1,13,2499,5.0,INR,trousers,124.95,53.3
10704378,Force NXT,Men Set of 3 Multi-coloured Solid Assorted Trunks MNFF-133-PO3,3.2,5,777,25.0,INR,trunk,194.25,16.0
1993251,FCUK,Yellow Attitude Trunks CTR10,3.9,26,699,35.0,INR,trunk,244.64999999999998,101.39999999999999
10019547,XYXX,Men IntelliSoft Antimicrobial Micro Modal Pack of 3 Illuminati Trunks XYTRNK3PCKN371,4.7,9,1197,14.0,INR,trunk,167.58,42.300000000000004
10591036,Van Heusen,Men Colour Fresh No Ride Up Trunks,4.5,65,529,0.0,INR,trunk,0.0,292.5
20042464,XYXX,Men Traq Silver Cotton Trunk,4.2,18,339,24.0,INR,trunk,81.36,75.60000000000001
12939888,IC4,Men Pack of 2 Assorted Colourblocked Trunks 0YB-RY296P2,3.5,19,718,12.0,INR,trunk,86.16,66.5
17352320,ether,Kora Collection Blue Sustainable Naturally Dyed Fabric Solid Pure Cotton T-shirt,4.4,70,1099,47.0,INR,tshirts,516.53,308.0
17403950,Mast & Harbour,Men Mint Green Typography Printed T-shirt,4.2,200,899,0.0,INR,tshirts,0.0,840.0
17404018,Mast & Harbour,Men Blue & White Striped Regular Fit T-shirt,3.9,72,999,0.0,INR,tshirts,0.0,280.8
22143924,Urbano Plus,Size Typography Printed Cotton T-shirt,3.2,6,1099,45.0,INR,tshirts,494.55,19.200000000000003
8901821,UNDER ARMOUR,Men Charcoal Grey Big Logo SS Printed T-shirt,4.3,64,1999,0.0,INR,tshirts,0.0,275.2
919032,Roadster,Off-White  Black Striped Speckled Pure Cotton T-shirt,3.8,641,899,0.0,INR,tshirts,0.0,2435.7999999999997
18817326,Tommy Hilfiger,Men Beige & Navy Blue Striped Pure Cotton T-shirt,4.4,58,2799,40.0,INR,tshirts,1119.6000000000001,255.20000000000002
8426447,WROGN,Men Navy Blue Striped Henley Neck T-shirt,4.2,514,1599,50.0,INR,tshirts,799.5,2158.8
20355284,Roadster,The  Life Co. Round Neck Raglan Sleeves Typography Printed T-shirt,4.2,74,999,53.0,INR,tshirts,529.47,310.8
18818696,Tommy Hilfiger,Men White & Black Brand Logo Printed Organic Cotton T-shirt,4.4,58,1999,40.0,INR,tshirts,799.6,255.20000000000002
9213113,Roadster,The  Lifestyle Co Men White Printed Round Neck T-shirt,4.1,994,799,50.0,INR,tshirts,399.5,4075.3999999999996
13511732,Puma,Men Black Solid Run Fav 1/4 Zip T-Shirt,4.4,167,3999,0.0,INR,tshirts,0.0,734.8000000000001
13591994,Camey,Men Maroon Solid Round Neck T-shirt,3.5,2,999,60.0,INR,tshirts,599.4,7.0
21439050,Kappa,Men Typography Printed Cotton T-shirt,3.2,9,599,30.0,INR,tshirts,179.7,28.8
13615634,U.S. Polo Assn.,Men Red Solid Mandarin Collar T-shirt,4.5,69,1699,40.0,INR,tshirts,679.6,310.5
13620624,Roadster,The  Lifestyle Co Men White Brand Logo Appliqued Pure Cotton Polo Collar T-shirt,4.0,154,1399,73.0,INR,tshirts,1021.27,616.0
13502414,Puma,Men Navy Blue & White Performance Cat Printed dryCELL Round Neck T-shirt,4.3,327,1499,0.0,INR,tshirts,0.0,1406.1
13621134,Roadster,The  Lifestyle Co Men Rust Brown Solid Applique Polo Collar T-shirt,4.1,312,1399,50.0,INR,tshirts,699.5,1279.1999999999998
17686030,Allen Solly Tribe,Men Navy Blue Solid T-shirt,4.3,23,1499,30.0,INR,tshirts,449.7,98.89999999999999
13616400,Arrow New York,Men Beige Printed Round Neck Pure Cotton T-shirt,4.8,13,899,25.0,INR,tshirts,224.75,62.4
13480864,Aeropostale,Men White Printed Round Neck Pure Cotton T-shirt,4.2,13,1199,0.0,INR,tshirts,0.0,54.6
13622338,Roadster,The  Lifestyle Co Men Olive Green Solid Round Neck Pure Cotton T-shirt,4.4,54,899,55.0,INR,tshirts,494.45000000000005,237.60000000000002
16295686,Miss & Chief,Boys Pack of 3 Printed T-shirt,3.9,7,1995,71.0,INR,tshirts,1416.4499999999998,27.3
16277914,Parx,Men Black Printed Polo Collar T-shirt,4.9,7,1399,53.0,INR,tshirts,741.47,34.300000000000004
16292318,Bewakoof,Men White Printed Pockets T-shirt,4.2,17,1399,60.0,INR,tshirts,839.4,71.4
19201678,Tokyo Talkies,Women Yellow Printed Extended Sleeves Slim Fit T-shirt,4.1,103,699,58.0,INR,tshirts,405.41999999999996,422.29999999999995
16923916,Monte Carlo,Women Pack Of 2 Blue & Peach Solid V-Neck Pure Cotton T-shirt,4.8,13,835,25.0,INR,tshirts,208.75,62.4
10143909,CHKOKKO,Chkokko Men Teal Green Solid Round Neck Training T-shirt,3.7,53,1665,70.0,INR,tshirts,1165.5,196.10000000000002
20085320,BULLMER,Men Pack of 2 Navy Blue & Turquoise Blue Long Sleeves T-shirt,4.8,12,3998,80.0,INR,tshirts,3198.4,57.599999999999994
12987894,AMERICAN EAGLE OUTFITTERS,Women White & Yellow Printed Round Neck T-shirt,4.4,5,1799,80.0,INR,tshirts,1439.2,22.0
12953958,Allen Solly,Men Maroon Solid Polo Collar Pure Cotton T-shirt,4.4,409,999,40.0,INR,tshirts,399.6,1799.6000000000001
22629260,max,Striped Polo Collar Short Sleeves T-shirt,4.4,7,799,40.0,INR,tshirts,319.6,30.800000000000004
19291812,Mad Over Print,Women Black Love Wins Oversize T-shirt,4.8,5,1599,58.0,INR,tshirts,927.42,24.0
19206288,FERANOID,Men Purple Henley Neck Bio Finish T-shirt,4.2,21,1199,50.0,INR,tshirts,599.5,88.2
19264534,Flying Machine,Men Black & White Printed Pure Cotton Slim Fit T-shirt,4.0,102,999,61.0,INR,tshirts,609.39,408.0
19264536,Flying Machine,Men Rust Orange Melange Pure Cotton Slim Fit T-shirt,3.8,60,1299,61.0,INR,tshirts,792.39,228.0
16287616,Juniper,Lime Green Mandarin Collar Printed Tunic,4.3,346,1299,51.0,INR,tunics,662.49,1487.8
16287462,Juniper,Yellow Mandarin Collar Printed Tunic,4.3,335,1299,43.0,INR,tunics,558.5699999999999,1440.5
16293014,Nayo,Navy Blue & Maroon Printed Tunic,4.2,514,1199,43.0,INR,tunics,515.5699999999999,2158.8
16293018,Nayo,Black & White Printed Cotton Kurti,4.3,687,1199,43.0,INR,tunics,515.5699999999999,2954.1
13721540,Art Street,Set Of 3 Brown & Green Monuments Theme Framed Paintings,3.9,8,3500,84.0,INR,wall-art,2940.0,31.2
17716590,Tommy Hilfiger,Women Black Leather Zip Around Wallet,4.5,39,4299,40.0,INR,wallets,1719.6000000000001,175.5
9452773,Louis Philippe,Men Brown Solid Leather Two Fold Wallet,4.3,401,1799,25.0,INR,wallets,449.75,1724.3
18864968,Lavie,Glossy Sacy Women Pink Animal Textured Zip Around Wallet,4.4,21,1999,65.0,INR,wallets,1299.3500000000001,92.4
9029979,Hidesign,Men Brown Solid Leather Two Fold Wallet,4.4,8,2595,0.0,INR,wallets,0.0,35.2
16295388,LOUIS STITCH,Men Brown Leather Two Fold Wallet,4.4,10,4200,75.0,INR,wallets,3150.0,44.0
17956822,Fossil,Men Black Dial & Leather Straps Dayliner Analogue Watch FS5926,3.9,7,9995,50.0,INR,watches,4997.5,27.3
17981742,MVMT,Men Black Raptor Analogue Watch 28000152-D,4.5,11,20832,50.0,INR,watches,10416.0,49.5
17697474,Timex,Women White Dial & Gold Toned Analogue Watch TWEL11422,4.9,8,1995,20.0,INR,watches,399.0,39.2
7349545,Fantasy World,Unisex Grey Digital Watch,3.7,119,499,20.0,INR,watches,99.80000000000001,440.3
8076639,French Connection,Women Charcoal Grey Analogue Watch FC1317RGM,4.4,563,6250,60.0,INR,watches,3750.0,2477.2000000000003
21948792,Adwitiya Collection,Women Embellished Dial & Bracelet Style Straps Analogue Watch-ACBW1030,4.1,7,9709,72.0,INR,watches,6990.48,28.699999999999996
9053317,TIMESMITH,Men Black Analogue Watch TSC-008,3.7,304,2499,88.0,INR,watches,2199.12,1124.8
2466414,Daniel Klein,Women Brown Analogue Watch DK11467-6,4.4,940,6950,53.0,INR,watches,3683.5,4136.0
11791782,CASIO,Youth Digital Women Red Digital Watch I117 DW-291H-1BVDF,4.6,29,3595,10.0,INR,watches,359.5,133.39999999999998
19322504,V2A,Girls Blue Printed Dial & Pink Straps Digital Multi Function Watch DK201-Pink,4.0,6,1599,50.0,INR,watches,799.5,24.0
8481603,French Connection,Women Silver-Toned Analogue Watch FCN0001B,4.5,149,6250,70.0,INR,watches,4375.0,670.5
13698258,KREDO,Men FORTE Silver Automatic Skeleton Analogue Watch-KW039,3.5,11,11890,50.0,INR,watches,5945.0,38.5
16896006,GUESS,Women White Patterned Dial & White Straps Analogue Watch GW0359L2,5.0,22,8900,45.0,INR,watches,4005.0,110.0
1708108,GIORDANO,Women Rose Gold-Toned Mirrored Analogue Watch FA2052-55,2.8,5,7950,50.0,INR,watches,3975.0,14.0
19280114,Fastrack,Men Black Brass Dial & Black Stainless Steel Straps Analogue Watch 3247NM03,4.3,17,3295,20.0,INR,watches,659.0,73.1
18601682,BOLDFIT,Purple Textured Yoga Mat,3.8,161,699,31.0,INR,yoga-mats,216.69,611.8
